id,company_id,operating_activity,investing_activity,financing_activity,net_cash_flow,year_label,fiscal_year,sort_order,is_ttm,is_half_year,free_cash_flow
39,TCS,19369.0,-1807.0,-17168.0,394.0,Mar 2015,2015,201503,False,False,17562.0
40,TCS,19109.0,-5010.0,-9666.0,4433.0,Mar 2016,2016,201603,False,False,14099.0
41,TCS,25223.0,-16895.0,-11026.0,-2698.0,Mar 2017,2017,201703,False,False,8328.0
42,TCS,25067.0,3104.0,-26885.0,1286.0,Mar 2018,2018,201803,False,False,28171.0
43,TCS,28593.0,1645.0,-27897.0,2341.0,Mar 2019,2019,201903,False,False,30238.0
44,TCS,32369.0,8968.0,-39915.0,1422.0,Mar 2020,2020,202003,False,False,41337.0
45,TCS,38802.0,-7956.0,-32634.0,-1788.0,Mar 2021,2021,202103,False,False,30846.0
46,TCS,39949.0,-738.0,-33581.0,5630.0,Mar 2022,2022,202203,False,False,39211.0
47,TCS,41965.0,548.0,-47878.0,-5365.0,Mar 2023,2023,202303,False,False,42513.0
48,TCS,44338.0,6091.0,-48536.0,1893.0,Mar 2024,2024,202403,False,False,50429.0
61,ABB,101.0,-59.0,-42.0,1.0,Dec 2012,2013,201212,False,False,42.0
62,ABB,155.0,-144.0,-42.0,-31.0,Mar 2014,2014,201403,False,False,11.0
63,ABB,215.0,-187.0,-58.0,-30.0,Mar 2015,2015,201503,False,False,28.0
64,ABB,249.0,-77.0,-80.0,91.0,Mar 2016,2016,201603,False,False,172.0
65,ABB,307.0,-155.0,-90.0,62.0,Mar 2017,2017,201703,False,False,152.0
66,ABB,153.0,-215.0,-102.0,-165.0,Mar 2018,2018,201803,False,False,-62.0
67,ABB,499.0,-257.0,-143.0,99.0,Mar 2019,2019,201903,False,False,242.0
68,ABB,626.0,-401.0,-217.0,8.0,Mar 2020,2020,202003,False,False,225.0
69,ABB,727.0,-72.0,-582.0,73.0,Mar 2021,2021,202103,False,False,655.0
70,ABB,948.0,-396.0,-637.0,-86.0,Mar 2022,2022,202203,False,False,552.0
71,ABB,893.0,-148.0,-639.0,107.0,Mar 2023,2023,202303,False,False,745.0
72,ABB,1213.0,-416.0,-745.0,52.0,Mar 2024,2024,202403,False,False,797.0
73,ABB,0.0,0.0,0.0,0.0,Mar 2014,2014,201403,False,False,0.0
74,ABB,-35.0,-1864.0,1902.0,3.0,Mar 2015,2015,201503,False,False,-1899.0
75,ABB,1544.0,-816.0,-722.0,6.0,Mar 2016,2016,201603,False,False,728.0
76,ABB,2189.0,-1730.0,-455.0,4.0,Mar 2017,2017,201703,False,False,459.0
77,ABB,2198.0,-3192.0,1589.0,596.0,Mar 2018,2018,201803,False,False,-994.0
78,ABB,2591.0,-3050.0,38.0,-421.0,Mar 2019,2019,201903,False,False,-459.0
79,ABB,5437.0,-5643.0,1250.0,1045.0,Mar 2020,2020,202003,False,False,-206.0
80,ABB,3784.0,-4009.0,-745.0,-969.0,Mar 2021,2021,202103,False,False,-225.0
81,ABB,4097.0,-3936.0,-235.0,-75.0,Mar 2022,2022,202203,False,False,161.0
82,ABB,3777.0,-4699.0,923.0,2.0,Mar 2023,2023,202303,False,False,-922.0
83,ABB,6038.0,-4943.0,-543.0,551.0,Mar 2024,2024,202403,False,False,1095.0
84,ADANIENSOL,0.0,0.0,0.0,0.0,Mar 2014,2014,201403,False,False,0.0
85,ADANIENSOL,-35.0,-1864.0,1902.0,3.0,Mar 2015,2015,201503,False,False,-1899.0
86,ADANIENSOL,1544.0,-816.0,-722.0,6.0,Mar 2016,2016,201603,False,False,728.0
87,ADANIENSOL,2189.0,-1730.0,-455.0,4.0,Mar 2017,2017,201703,False,False,459.0
88,ADANIENSOL,2198.0,-3192.0,1589.0,596.0,Mar 2018,2018,201803,False,False,-994.0
89,ADANIENSOL,2591.0,-3050.0,38.0,-421.0,Mar 2019,2019,201903,False,False,-459.0
90,ADANIENSOL,5437.0,-5643.0,1250.0,1045.0,Mar 2020,2020,202003,False,False,-206.0
91,ADANIENSOL,3784.0,-4009.0,-745.0,-969.0,Mar 2021,2021,202103,False,False,-225.0
92,ADANIENSOL,4097.0,-3936.0,-235.0,-75.0,Mar 2022,2022,202203,False,False,161.0
93,ADANIENSOL,3777.0,-4699.0,923.0,2.0,Mar 2023,2023,202303,False,False,-922.0
94,ADANIENSOL,6038.0,-4943.0,-543.0,551.0,Mar 2024,2024,202403,False,False,1095.0
95,ADANIENT,7666.0,-14790.0,7199.0,75.0,Mar 2013,2013,201303,False,False,-7124.0
96,ADANIENT,8228.0,-8007.0,-1109.0,-888.0,Mar 2014,2014,201403,False,False,221.0
97,ADANIENT,8532.0,-11465.0,3445.0,512.0,Mar 2015,2015,201503,False,False,-2933.0
98,ADANIENT,5112.0,-1825.0,-3448.0,-161.0,Mar 2016,2016,201603,False,False,3287.0
99,ADANIENT,774.0,-1460.0,716.0,30.0,Mar 2017,2017,201703,False,False,-686.0
100,ADANIENT,2942.0,-7649.0,5120.0,413.0,Mar 2018,2018,201803,False,False,-4707.0
101,ADANIENT,3236.0,2487.0,-6158.0,-436.0,Mar 2019,2019,201903,False,False,5723.0
102,ADANIENT,2454.0,-1082.0,-221.0,1151.0,Mar 2020,2020,202003,False,False,1372.0
103,ADANIENT,4043.0,-8611.0,3109.0,-1459.0,Mar 2021,2021,202103,False,False,-4568.0
104,ADANIENT,1385.0,-17041.0,15901.0,246.0,Mar 2022,2022,202203,False,False,-15656.0
105,ADANIENT,17626.0,-15459.0,-1198.0,970.0,Mar 2023,2023,202303,False,False,2167.0
106,ADANIENT,10312.0,-18767.0,8879.0,424.0,Mar 2024,2024,202403,False,False,-8455.0
107,ADANIGREEN,28.0,-1511.0,1559.0,76.0,Mar 2017,2017,201703,False,False,-1483.0
108,ADANIGREEN,649.0,-4428.0,3942.0,162.0,Mar 2018,2018,201803,False,False,-3779.0
109,ADANIGREEN,1625.0,-2666.0,1045.0,3.0,Mar 2019,2019,201903,False,False,-1041.0
110,ADANIGREEN,1965.0,-3743.0,2161.0,383.0,Mar 2020,2020,202003,False,False,-1778.0
111,ADANIGREEN,1601.0,-9137.0,7083.0,-453.0,Mar 2021,2021,202103,False,False,-7536.0
112,ADANIGREEN,3127.0,-18730.0,15986.0,383.0,Mar 2022,2022,202203,False,False,-15603.0
113,ADANIGREEN,7265.0,-3857.0,-2973.0,435.0,Mar 2023,2023,202303,False,False,3408.0
114,ADANIGREEN,7713.0,-21060.0,13953.0,606.0,Mar 2024,2024,202403,False,False,-13347.0
115,ADANIPORTS,1379.0,-5136.0,4138.0,381.0,Mar 2013,2013,201303,False,False,-3757.0
116,ADANIPORTS,1132.0,-2510.0,772.0,-606.0,Mar 2014,2014,201403,False,False,-1378.0
117,ADANIPORTS,3057.0,-2485.0,-237.0,335.0,Mar 2015,2015,201503,False,False,572.0
118,ADANIPORTS,2381.0,-4153.0,2170.0,398.0,Mar 2016,2016,201603,False,False,-1772.0
119,ADANIPORTS,4063.0,-2629.0,-1325.0,109.0,Mar 2017,2017,201703,False,False,1434.0
120,ADANIPORTS,5608.0,-3846.0,-1889.0,-127.0,Mar 2018,2018,201803,False,False,1762.0
121,ADANIPORTS,6029.0,-4368.0,2313.0,3975.0,Mar 2019,2019,201903,False,False,1661.0
122,ADANIPORTS,7402.0,-749.0,-4256.0,2397.0,Mar 2020,2020,202003,False,False,6653.0
123,ADANIPORTS,7556.0,-14064.0,3514.0,-2994.0,Mar 2021,2021,202103,False,False,-6508.0
124,ADANIPORTS,10420.0,-5493.0,-586.0,4341.0,Mar 2022,2022,202203,False,False,4927.0
125,ADANIPORTS,11900.0,-16716.0,-2734.0,-7550.0,Mar 2023,2023,202303,False,False,-4816.0
126,ADANIPORTS,15018.0,-6768.0,-7800.0,450.0,Mar 2024,2024,202403,False,False,8250.0
127,ADANIPOWER,3001.0,-4064.0,861.0,-203.0,Mar 2013,2013,201303,False,False,-1063.0
128,ADANIPOWER,3238.0,-4700.0,1631.0,169.0,Mar 2014,2014,201403,False,False,-1462.0
129,ADANIPOWER,5824.0,-4737.0,-1144.0,-58.0,Mar 2015,2015,201503,False,False,1087.0
130,ADANIPOWER,5257.0,-2692.0,-2713.0,-148.0,Mar 2016,2016,201603,False,False,2565.0
131,ADANIPOWER,4725.0,-1212.0,-3539.0,-26.0,Mar 2017,2017,201703,False,False,3513.0
132,ADANIPOWER,5101.0,-520.0,-4600.0,-19.0,Mar 2018,2018,201803,False,False,4581.0
133,ADANIPOWER,5610.0,-984.0,-4663.0,-37.0,Mar 2019,2019,201903,False,False,4626.0
134,ADANIPOWER,5598.0,-2304.0,-2377.0,917.0,Mar 2020,2020,202003,False,False,3294.0
135,ADANIPOWER,7014.0,-2188.0,-5655.0,-828.0,Mar 2021,2021,202103,False,False,4826.0
136,ADANIPOWER,10233.0,774.0,-10338.0,669.0,Mar 2022,2022,202203,False,False,11007.0
137,ADANIPOWER,8431.0,1545.0,-10408.0,-433.0,Mar 2023,2023,202303,False,False,9976.0
138,ADANIPOWER,14170.0,3481.0,-16864.0,787.0,Mar 2024,2024,202403,False,False,17651.0
139,AMBUJACEM,1860.0,-388.0,-509.0,962.0,Dec 2012,2013,201212,False,False,1472.0
140,AMBUJACEM,1267.0,-496.0,-672.0,99.0,Dec 2013,2014,201312,False,False,771.0
141,AMBUJACEM,1675.0,-456.0,-721.0,498.0,Dec 2014,2015,201412,False,False,1219.0
142,AMBUJACEM,1557.0,-83.0,-900.0,574.0,Dec 2015,2016,201512,False,False,1474.0
143,AMBUJACEM,2810.0,-4165.0,-958.0,-2312.0,Dec 2016,2017,201612,False,False,-1355.0
144,AMBUJACEM,3416.0,-738.0,-1015.0,1663.0,Dec 2017,2018,201712,False,False,2678.0
145,AMBUJACEM,1703.0,-765.0,-719.0,220.0,Dec 2018,2019,201812,False,False,938.0
146,AMBUJACEM,4739.0,-1191.0,-629.0,2919.0,Dec 2019,2020,201912,False,False,3548.0
147,AMBUJACEM,4832.0,-1317.0,-3956.0,-441.0,Dec 2020,2021,202012,False,False,3515.0
148,AMBUJACEM,5309.0,-2007.0,-516.0,2786.0,Dec 2021,2022,202112,False,False,3302.0
149,AMBUJACEM,735.0,-14481.0,2931.0,-10815.0,Mar 2023,2023,202303,False,False,-13746.0
150,AMBUJACEM,5646.0,-8941.0,5689.0,2394.0,Mar 2024,2024,202403,False,False,-3295.0
151,APOLLOHOSP,443.0,-733.0,373.0,83.0,Mar 2013,2013,201303,False,False,-290.0
152,APOLLOHOSP,373.0,-356.0,-63.0,-46.0,Mar 2014,2014,201403,False,False,17.0
153,APOLLOHOSP,470.0,-759.0,392.0,103.0,Mar 2015,2015,201503,False,False,-289.0
154,APOLLOHOSP,597.0,-888.0,330.0,39.0,Mar 2016,2016,201603,False,False,-291.0
155,APOLLOHOSP,623.0,-1152.0,477.0,-52.0,Mar 2017,2017,201703,False,False,-529.0
156,APOLLOHOSP,537.0,-405.0,-108.0,24.0,Mar 2018,2018,201803,False,False,132.0
157,APOLLOHOSP,905.0,-711.0,-215.0,-20.0,Mar 2019,2019,201903,False,False,194.0
158,APOLLOHOSP,1293.0,-289.0,-910.0,94.0,Mar 2020,2020,202003,False,False,1004.0
159,APOLLOHOSP,1265.0,-880.0,-340.0,44.0,Mar 2021,2021,202103,False,False,385.0
160,APOLLOHOSP,1696.0,-747.0,-792.0,158.0,Mar 2022,2022,202203,False,False,949.0
161,APOLLOHOSP,1377.0,-857.0,-633.0,-113.0,Mar 2023,2023,202303,False,False,520.0
162,APOLLOHOSP,1920.0,-1537.0,-311.0,72.0,Mar 2024,2024,202403,False,False,383.0
163,ASIANPAINT,1187.0,-463.0,-601.0,123.0,Mar 2013,2013,201303,False,False,724.0
164,ASIANPAINT,1402.0,-586.0,-626.0,190.0,Mar 2014,2014,201403,False,False,816.0
165,ASIANPAINT,1188.0,-465.0,-576.0,147.0,Mar 2015,2015,201503,False,False,723.0
166,ASIANPAINT,2243.0,-866.0,-849.0,528.0,Mar 2016,2016,201603,False,False,1377.0
167,ASIANPAINT,1527.0,-681.0,-756.0,90.0,Mar 2017,2017,201703,False,False,846.0
168,ASIANPAINT,2113.0,-1556.0,-1379.0,-822.0,Mar 2018,2018,201803,False,False,557.0
169,ASIANPAINT,2470.0,-918.0,-1117.0,434.0,Mar 2019,2019,201903,False,False,1552.0
170,ASIANPAINT,3038.0,-518.0,-2871.0,-351.0,Mar 2020,2020,202003,False,False,2520.0
171,ASIANPAINT,3683.0,-541.0,-650.0,2492.0,Mar 2021,2021,202103,False,False,3142.0
172,ASIANPAINT,986.0,-317.0,-1808.0,-1138.0,Mar 2022,2022,202203,False,False,669.0
173,ASIANPAINT,4193.0,-1282.0,-2140.0,771.0,Mar 2023,2023,202303,False,False,2911.0
174,ASIANPAINT,6104.0,-2548.0,-2982.0,573.0,Mar 2024,2024,202403,False,False,3556.0
189,AGTL,277.0,-988.0,779.0,68.0,Mar 2018,2018,201803,False,False,-711.0
190,AGTL,356.0,791.0,-1077.0,70.0,Mar 2019,2019,201903,False,False,1147.0
191,AGTL,492.0,-461.0,-102.0,-71.0,Mar 2020,2020,202003,False,False,31.0
192,AGTL,654.0,-770.0,39.0,-78.0,Mar 2021,2021,202103,False,False,-116.0
193,AGTL,732.0,-1133.0,422.0,21.0,Mar 2022,2022,202203,False,False,-401.0
194,AGTL,853.0,-1167.0,295.0,-19.0,Mar 2023,2023,202303,False,False,-314.0
195,AGTL,955.0,-752.0,-78.0,125.0,Mar 2024,2024,202403,False,False,203.0
196,AXISBANK,2573.0,-10939.0,14931.0,6566.0,Mar 2013,2013,201303,False,False,-8366.0
197,AXISBANK,14464.0,-14166.0,7785.0,8082.0,Mar 2014,2014,201403,False,False,298.0
198,AXISBANK,-15162.0,-7972.0,31045.0,7910.0,Mar 2015,2015,201503,False,False,-23134.0
199,AXISBANK,-34495.0,9211.0,22495.0,-2789.0,Mar 2016,2016,201603,False,False,-25284.0
200,AXISBANK,32209.0,-12458.0,-2487.0,17263.0,Mar 2017,2017,201703,False,False,19751.0
201,AXISBANK,-38390.0,-10007.0,41342.0,-7055.0,Mar 2018,2018,201803,False,False,-48397.0
202,AXISBANK,37125.0,-18674.0,5643.0,24094.0,Mar 2019,2019,201903,False,False,18451.0
203,AXISBANK,30416.0,-9485.0,8865.0,29795.0,Mar 2020,2020,202003,False,False,20931.0
204,AXISBANK,12633.0,-54288.0,7279.0,-34375.0,Mar 2021,2021,202103,False,False,-41655.0
205,AXISBANK,28137.0,-27112.0,47894.0,48919.0,Mar 2022,2022,202203,False,False,1025.0
206,AXISBANK,22075.0,-32351.0,6641.0,-3636.0,Mar 2023,2023,202303,False,False,-10276.0
207,AXISBANK,-5555.0,-9001.0,22341.0,7785.0,Mar 2024,2024,202403,False,False,-14556.0
208,BAJAJ-AUTO,2218.0,-1394.0,-1445.0,-621.0,Mar 2013,2013,201303,False,False,824.0
209,BAJAJ-AUTO,3502.0,-2072.0,-1496.0,-66.0,Mar 2014,2014,201403,False,False,1430.0
210,BAJAJ-AUTO,2114.0,-380.0,-1644.0,90.0,Mar 2015,2015,201503,False,False,1734.0
211,BAJAJ-AUTO,3690.0,-68.0,-3384.0,238.0,Mar 2016,2016,201603,False,False,3622.0
212,BAJAJ-AUTO,3267.0,-3610.0,-190.0,-532.0,Mar 2017,2017,201703,False,False,-343.0
213,BAJAJ-AUTO,4328.0,-1954.0,-1885.0,488.0,Mar 2018,2018,201803,False,False,2374.0
214,BAJAJ-AUTO,2487.0,-273.0,-2074.0,140.0,Mar 2019,2019,201903,False,False,2214.0
215,BAJAJ-AUTO,3850.0,1766.0,-6247.0,-630.0,Mar 2020,2020,202003,False,False,5616.0
216,BAJAJ-AUTO,3120.0,-2869.0,-20.0,231.0,Mar 2021,2021,202103,False,False,251.0
217,BAJAJ-AUTO,4197.0,276.0,-4056.0,417.0,Mar 2022,2022,202203,False,False,4473.0
218,BAJAJ-AUTO,5277.0,1211.0,-7181.0,-692.0,Mar 2023,2023,202303,False,False,6488.0
219,BAJAJ-AUTO,6558.0,-72.0,-6167.0,319.0,Mar 2024,2024,202403,False,False,6486.0
220,BAJAJ-AUTO,2218.0,-1394.0,-1445.0,-621.0,Mar 2013,2013,201303,False,False,824.0
221,BAJAJ-AUTO,3502.0,-2072.0,-1496.0,-66.0,Mar 2014,2014,201403,False,False,1430.0
222,BAJAJ-AUTO,2114.0,-380.0,-1644.0,90.0,Mar 2015,2015,201503,False,False,1734.0
223,BAJAJ-AUTO,3690.0,-68.0,-3384.0,238.0,Mar 2016,2016,201603,False,False,3622.0
224,BAJAJ-AUTO,3267.0,-3610.0,-190.0,-532.0,Mar 2017,2017,201703,False,False,-343.0
225,BAJAJ-AUTO,4328.0,-1954.0,-1885.0,488.0,Mar 2018,2018,201803,False,False,2374.0
226,BAJAJ-AUTO,2487.0,-273.0,-2074.0,140.0,Mar 2019,2019,201903,False,False,2214.0
227,BAJAJ-AUTO,3850.0,1766.0,-6247.0,-630.0,Mar 2020,2020,202003,False,False,5616.0
228,BAJAJ-AUTO,3120.0,-2869.0,-20.0,231.0,Mar 2021,2021,202103,False,False,251.0
229,BAJAJ-AUTO,4197.0,276.0,-4056.0,417.0,Mar 2022,2022,202203,False,False,4473.0
230,BAJAJ-AUTO,5277.0,1211.0,-7181.0,-692.0,Mar 2023,2023,202303,False,False,6488.0
231,BAJAJ-AUTO,6558.0,-72.0,-6167.0,319.0,Mar 2024,2024,202403,False,False,6486.0
232,BAJAJFINSV,-6922.0,2953.0,4592.0,623.0,Mar 2013,2013,201303,False,False,-3969.0
233,BAJAJFINSV,-9807.0,3764.0,6521.0,478.0,Mar 2014,2014,201403,False,False,-6043.0
234,BAJAJFINSV,-10731.0,3709.0,6839.0,-183.0,Mar 2015,2015,201503,False,False,-7022.0
235,BAJAJFINSV,-9795.0,-886.0,11602.0,921.0,Mar 2016,2016,201603,False,False,-10681.0
236,BAJAJFINSV,-10922.0,151.0,12513.0,1742.0,Mar 2017,2017,201703,False,False,-10771.0
237,BAJAJFINSV,-19580.0,-922.0,19590.0,-911.0,Mar 2018,2018,201803,False,False,-20502.0
238,BAJAJFINSV,-27076.0,-6903.0,34535.0,555.0,Mar 2019,2019,201903,False,False,-33979.0
239,BAJAJFINSV,-23369.0,-9948.0,34479.0,1162.0,Mar 2020,2020,202003,False,False,-33317.0
240,BAJAJFINSV,4547.0,-3684.0,1687.0,2551.0,Mar 2021,2021,202103,False,False,863.0
241,BAJAJFINSV,-33670.0,1445.0,32326.0,101.0,Mar 2022,2022,202203,False,False,-32225.0
242,BAJAJFINSV,-39480.0,-13945.0,51016.0,-2409.0,Mar 2023,2023,202303,False,False,-53425.0
243,BAJAJFINSV,-68674.0,-10960.0,82709.0,3075.0,Mar 2024,2024,202403,False,False,-79634.0
244,BAJAJHLDNG,473.0,-369.0,-332.0,-228.0,Mar 2013,2013,201303,False,False,104.0
245,BAJAJHLDNG,872.0,-519.0,-326.0,27.0,Mar 2014,2014,201403,False,False,353.0
246,BAJAJHLDNG,796.0,-464.0,-391.0,-59.0,Mar 2015,2015,201503,False,False,332.0
247,BAJAJHLDNG,1147.0,1019.0,-761.0,1406.0,Mar 2016,2016,201603,False,False,2166.0
248,BAJAJHLDNG,-923.0,-372.0,-110.0,-1406.0,Mar 2017,2017,201703,False,False,-1295.0
249,BAJAJHLDNG,1631.0,-1123.0,-434.0,74.0,Mar 2018,2018,201803,False,False,508.0
250,BAJAJHLDNG,628.0,-163.0,-536.0,-72.0,Mar 2019,2019,201903,False,False,465.0
251,BAJAJHLDNG,1920.0,-800.0,-1028.0,92.0,Mar 2020,2020,202003,False,False,1120.0
252,BAJAJHLDNG,272.0,-308.0,-37.0,-73.0,Mar 2021,2021,202103,False,False,-36.0
253,BAJAJHLDNG,1610.0,-151.0,-1460.0,-1.0,Mar 2022,2022,202203,False,False,1459.0
254,BAJAJHLDNG,1728.0,-137.0,-1587.0,4.0,Mar 2023,2023,202303,False,False,1591.0
255,BAJAJHLDNG,1941.0,-472.0,-1455.0,14.0,Mar 2024,2024,202403,False,False,1469.0
256,BAJFINANCE,-7064.0,-360.0,6867.0,-557.0,Mar 2015,2015,201503,False,False,-7424.0
257,BAJFINANCE,-9870.0,-687.0,11656.0,1100.0,Mar 2016,2016,201603,False,False,-10557.0
258,BAJFINANCE,-10439.0,-3047.0,12513.0,-972.0,Mar 2017,2017,201703,False,False,-13486.0
259,BAJFINANCE,-20566.0,1075.0,19503.0,13.0,Mar 2018,2018,201803,False,False,-19491.0
260,BAJFINANCE,-29062.0,-5379.0,34449.0,9.0,Mar 2019,2019,201903,False,False,-34441.0
261,BAJFINANCE,-24412.0,-8758.0,34167.0,998.0,Mar 2020,2020,202003,False,False,-33170.0
262,BAJFINANCE,-807.0,-429.0,1741.0,505.0,Mar 2021,2021,202103,False,False,-1236.0
263,BAJFINANCE,-37090.0,6347.0,32275.0,1532.0,Mar 2022,2022,202203,False,False,-30743.0
264,BAJFINANCE,-42112.0,-10394.0,50675.0,-1831.0,Mar 2023,2023,202303,False,False,-52506.0
265,BAJFINANCE,-72760.0,-7171.0,82415.0,2484.0,Mar 2024,2024,202403,False,False,-79931.0
266,BANKBARODA,23196.0,-514.0,-790.0,21892.0,Mar 2013,2013,201303,False,False,22682.0
267,BANKBARODA,42233.0,-730.0,5151.0,46654.0,Mar 2014,2014,201403,False,False,41503.0
268,BANKBARODA,17838.0,-556.0,-6.0,17276.0,Mar 2015,2015,201503,False,False,17282.0
269,BANKBARODA,-10011.0,-4005.0,-616.0,-14632.0,Mar 2016,2016,201603,False,False,-14016.0
270,BANKBARODA,17865.0,-551.0,-198.0,17116.0,Mar 2017,2017,201703,False,False,17314.0
271,BANKBARODA,-59692.0,-414.0,3413.0,-56692.0,Mar 2018,2018,201803,False,False,-60106.0
272,BANKBARODA,-1449.0,-2537.0,4449.0,462.0,Mar 2019,2019,201903,False,False,-3986.0
273,BANKBARODA,18531.0,-139.0,14729.0,33120.0,Mar 2020,2020,202003,False,False,18392.0
274,BANKBARODA,-887.0,-471.0,-986.0,-2344.0,Mar 2021,2021,202103,False,False,-1358.0
275,BANKBARODA,6210.0,-3645.0,-998.0,1567.0,Mar 2022,2022,202203,False,False,2565.0
276,BANKBARODA,-21354.0,-1096.0,-5405.0,-27855.0,Mar 2023,2023,202303,False,False,-22450.0
277,BANKBARODA,-6274.0,-1285.0,5476.0,-2084.0,Mar 2024,2024,202403,False,False,-7559.0
278,BEL,-1539.0,1753.0,-158.0,56.0,Mar 2013,2013,201303,False,False,214.0
279,BEL,-569.0,759.0,-213.0,-23.0,Mar 2014,2014,201403,False,False,190.0
280,BEL,1434.0,-839.0,-209.0,386.0,Mar 2015,2015,201503,False,False,595.0
281,BEL,2260.0,-1470.0,-318.0,472.0,Mar 2016,2016,201603,False,False,790.0
282,BEL,-61.0,3115.0,-2857.0,197.0,Mar 2017,2017,201703,False,False,3054.0
283,BEL,-687.0,-6.0,-1202.0,-1895.0,Mar 2018,2018,201803,False,False,-693.0
284,BEL,1514.0,-896.0,-663.0,-45.0,Mar 2019,2019,201903,False,False,618.0
285,BEL,2570.0,-649.0,-1061.0,861.0,Mar 2020,2020,202003,False,False,1921.0
286,BEL,5093.0,-2595.0,-1076.0,1422.0,Mar 2021,2021,202103,False,False,2498.0
287,BEL,4207.0,-4872.0,-1078.0,-1742.0,Mar 2022,2022,202203,False,False,-665.0
288,BEL,1199.0,2708.0,-1262.0,2645.0,Mar 2023,2023,202303,False,False,3907.0
289,BEL,4659.0,-5924.0,-1475.0,-2739.0,Mar 2024,2024,202403,False,False,-1265.0
290,BHARTIARTL,22608.0,-18676.0,-4566.0,-634.0,Mar 2013,2013,201303,False,False,3932.0
291,BHARTIARTL,26233.0,-25181.0,2774.0,3826.0,Mar 2014,2014,201403,False,False,1052.0
292,BHARTIARTL,28059.0,-22301.0,-9672.0,-3914.0,Mar 2015,2015,201503,False,False,5758.0
293,BHARTIARTL,27942.0,-14091.0,-11946.0,1905.0,Mar 2016,2016,201603,False,False,13851.0
294,BHARTIARTL,28280.0,-30680.0,-351.0,-2752.0,Mar 2017,2017,201703,False,False,-2400.0
295,BHARTIARTL,29854.0,-27940.0,1920.0,3835.0,Mar 2018,2018,201803,False,False,1914.0
296,BHARTIARTL,20070.0,-28286.0,9464.0,1248.0,Mar 2019,2019,201903,False,False,-8216.0
297,BHARTIARTL,18129.0,-29598.0,19144.0,7675.0,Mar 2020,2020,202003,False,False,-11469.0
298,BHARTIARTL,48205.0,-27286.0,-24910.0,-3991.0,Mar 2021,2021,202103,False,False,20919.0
299,BHARTIARTL,55017.0,-41478.0,-15203.0,-1664.0,Mar 2022,2022,202203,False,False,13539.0
300,BHARTIARTL,65325.0,-39232.0,-24470.0,1623.0,Mar 2023,2023,202303,False,False,26093.0
301,BHARTIARTL,78898.0,-51089.0,-27778.0,31.0,Mar 2024,2024,202403,False,False,27809.0
302,BHEL,1759.0,-1113.0,472.0,1118.0,Mar 2013,2013,201303,False,False,646.0
303,BHEL,4512.0,-868.0,523.0,4167.0,Mar 2014,2014,201403,False,False,3644.0
304,BHEL,821.0,650.0,-3543.0,-2071.0,Mar 2015,2015,201503,False,False,1471.0
305,BHEL,374.0,23.0,-122.0,275.0,Mar 2016,2016,201603,False,False,397.0
306,BHEL,560.0,-565.0,-468.0,-473.0,Mar 2017,2017,201703,False,False,-5.0
307,BHEL,989.0,961.0,-667.0,1283.0,Mar 2018,2018,201803,False,False,1950.0
308,BHEL,-3860.0,1919.0,-32.0,-1973.0,Mar 2019,2019,201903,False,False,-1941.0
309,BHEL,-2892.0,1877.0,1622.0,608.0,Mar 2020,2020,202003,False,False,-1015.0
310,BHEL,560.0,-42.0,-394.0,123.0,Mar 2021,2021,202103,False,False,518.0
311,BHEL,660.0,-1118.0,-329.0,-787.0,Mar 2022,2022,202203,False,False,-458.0
312,BHEL,-741.0,1480.0,89.0,829.0,Mar 2023,2023,202303,False,False,739.0
313,BHEL,-3713.0,1331.0,2656.0,274.0,Mar 2024,2024,202403,False,False,-2382.0
314,BOSCHLTD,871.0,-824.0,-156.0,-108.0,Dec 2012,2013,201212,False,False,47.0
315,BOSCHLTD,1057.0,-846.0,-238.0,-27.0,Dec 2013,2014,201312,False,False,211.0
316,BOSCHLTD,1396.0,-1183.0,-237.0,-24.0,Mar 2015,2015,201503,False,False,213.0
317,BOSCHLTD,1318.0,-995.0,-356.0,-33.0,Mar 2016,2016,201603,False,False,323.0
318,BOSCHLTD,1457.0,1246.0,-2670.0,33.0,Mar 2017,2017,201703,False,False,2703.0
319,BOSCHLTD,1729.0,-1170.0,-325.0,234.0,Mar 2018,2018,201803,False,False,559.0
320,BOSCHLTD,593.0,1766.0,-2531.0,-172.0,Mar 2019,2019,201903,False,False,2359.0
321,BOSCHLTD,1336.0,-873.0,-399.0,64.0,Mar 2020,2020,202003,False,False,463.0
322,BOSCHLTD,835.0,-463.0,-338.0,34.0,Mar 2021,2021,202103,False,False,372.0
323,BOSCHLTD,271.0,-33.0,-383.0,-146.0,Mar 2022,2022,202203,False,False,238.0
324,BOSCHLTD,1214.0,262.0,-1239.0,236.0,Mar 2023,2023,202303,False,False,1476.0
325,BOSCHLTD,1253.0,283.0,-1452.0,84.0,Mar 2024,2024,202403,False,False,1536.0
326,BPCL,5926.0,-3604.0,-846.0,1476.0,Mar 2013,2013,201303,False,False,2322.0
327,BPCL,9588.0,-6881.0,-3736.0,-1029.0,Mar 2014,2014,201403,False,False,2707.0
328,BPCL,20742.0,-10536.0,-9792.0,414.0,Mar 2015,2015,201503,False,False,10206.0
329,BPCL,11119.0,-9233.0,-1332.0,555.0,Mar 2016,2016,201603,False,False,1886.0
330,BPCL,9041.0,-15274.0,4804.0,-1429.0,Mar 2017,2017,201703,False,False,-6233.0
331,BPCL,11068.0,-7066.0,-4218.0,-215.0,Mar 2018,2018,201803,False,False,4002.0
332,BPCL,10157.0,-10451.0,207.0,-87.0,Mar 2019,2019,201903,False,False,-294.0
333,BPCL,7881.0,-11135.0,3583.0,329.0,Mar 2020,2020,202003,False,False,-3254.0
334,BPCL,23455.0,-2474.0,-13981.0,7000.0,Mar 2021,2021,202103,False,False,20981.0
335,BPCL,20336.0,-8138.0,-17672.0,-5474.0,Mar 2022,2022,202203,False,False,12198.0
336,BPCL,12466.0,-7806.0,-4402.0,257.0,Mar 2023,2023,202303,False,False,4660.0
337,BPCL,35936.0,-10521.0,-25427.0,-12.0,Mar 2024,2024,202403,False,False,25415.0
338,BRITANNIA,320.0,28.0,-378.0,-30.0,Mar 2013,2013,201303,False,False,348.0
339,BRITANNIA,671.0,-246.0,-357.0,68.0,Mar 2014,2014,201403,False,False,425.0
340,BRITANNIA,584.0,-450.0,-181.0,-47.0,Mar 2015,2015,201503,False,False,134.0
341,BRITANNIA,959.0,-705.0,-246.0,8.0,Mar 2016,2016,201603,False,False,254.0
342,BRITANNIA,441.0,-150.0,-295.0,-4.0,Mar 2017,2017,201703,False,False,291.0
343,BRITANNIA,1249.0,-957.0,-232.0,60.0,Mar 2018,2018,201803,False,False,292.0
344,BRITANNIA,1156.0,-852.0,-353.0,-49.0,Mar 2019,2019,201903,False,False,304.0
345,BRITANNIA,1485.0,-1526.0,58.0,17.0,Mar 2020,2020,202003,False,False,-41.0
346,BRITANNIA,1876.0,433.0,-2242.0,66.0,Mar 2021,2021,202103,False,False,2309.0
347,BRITANNIA,1300.0,914.0,-2246.0,-32.0,Mar 2022,2022,202203,False,False,2214.0
348,BRITANNIA,2526.0,-1507.0,-1028.0,-9.0,Mar 2023,2023,202303,False,False,1019.0
349,BRITANNIA,2573.0,477.0,-2830.0,219.0,Mar 2024,2024,202403,False,False,3050.0
350,CANBK,8010.0,-435.0,-1043.0,6532.0,Mar 2013,2013,201303,False,False,7575.0
351,CANBK,14244.0,-380.0,-3771.0,10092.0,Mar 2014,2014,201403,False,False,13864.0
352,CANBK,6344.0,-1104.0,-1464.0,3776.0,Mar 2015,2015,201503,False,False,5240.0
353,CANBK,9346.0,-443.0,-806.0,8096.0,Mar 2016,2016,201603,False,False,8903.0
354,CANBK,2575.0,-476.0,124.0,2224.0,Mar 2017,2017,201703,False,False,2099.0
355,CANBK,-11120.0,-487.0,2865.0,-8743.0,Mar 2018,2018,201803,False,False,-11607.0
356,CANBK,18237.0,-745.0,-1185.0,16307.0,Mar 2019,2019,201903,False,False,17492.0
357,CANBK,-5289.0,-445.0,7792.0,2059.0,Mar 2020,2020,202003,False,False,-5734.0
358,CANBK,59118.0,-1116.0,290.0,58291.0,Mar 2021,2021,202103,False,False,58002.0
359,CANBK,919.0,-1429.0,4035.0,3525.0,Mar 2022,2022,202203,False,False,-510.0
360,CANBK,-39978.0,-1156.0,445.0,-40689.0,Mar 2023,2023,202303,False,False,-41134.0
361,CANBK,15046.0,-1750.0,-3834.0,9462.0,Mar 2024,2024,202403,False,False,13296.0
362,CHOLAFIN,-3754.0,5.0,4067.0,317.0,Mar 2013,2013,201303,False,False,-3749.0
363,CHOLAFIN,-2447.0,-83.0,2749.0,219.0,Mar 2014,2014,201403,False,False,-2530.0
364,CHOLAFIN,-2264.0,-40.0,1819.0,-485.0,Mar 2015,2015,201503,False,False,-2304.0
365,CHOLAFIN,-2809.0,-137.0,3031.0,85.0,Mar 2016,2016,201603,False,False,-2946.0
366,CHOLAFIN,-1468.0,-222.0,1692.0,2.0,Mar 2017,2017,201703,False,False,-1690.0
367,CHOLAFIN,-7926.0,-60.0,8009.0,22.0,Mar 2018,2018,201803,False,False,-7986.0
368,CHOLAFIN,-9317.0,-11.0,12191.0,2862.0,Mar 2019,2019,201903,False,False,-9328.0
369,CHOLAFIN,-2075.0,-54.0,2452.0,323.0,Mar 2020,2020,202003,False,False,-2129.0
370,CHOLAFIN,-8848.0,-1746.0,8707.0,-1888.0,Mar 2021,2021,202103,False,False,-10594.0
371,CHOLAFIN,-5571.0,1640.0,5150.0,1218.0,Mar 2022,2022,202203,False,False,-3931.0
372,CHOLAFIN,-27105.0,-2148.0,27466.0,-1787.0,Mar 2023,2023,202303,False,False,-29253.0
373,CHOLAFIN,-35683.0,-2855.0,38471.0,-66.0,Mar 2024,2024,202403,False,False,-38538.0
374,CIPLA,1398.0,-2063.0,718.0,53.0,Mar 2013,2013,201303,False,False,-665.0
375,CIPLA,1563.0,-1265.0,-266.0,33.0,Mar 2014,2014,201403,False,False,298.0
376,CIPLA,1173.0,-950.0,165.0,388.0,Mar 2015,2015,201503,False,False,223.0
377,CIPLA,1741.0,-4533.0,3104.0,312.0,Mar 2016,2016,201603,False,False,-2792.0
378,CIPLA,2382.0,-1304.0,-1326.0,-248.0,Mar 2017,2017,201703,False,False,1078.0
379,CIPLA,1463.0,-834.0,-385.0,243.0,Mar 2018,2018,201803,False,False,629.0
380,CIPLA,1691.0,-1688.0,-349.0,-345.0,Mar 2019,2019,201903,False,False,3.0
381,CIPLA,3068.0,114.0,-2949.0,234.0,Mar 2020,2020,202003,False,False,3182.0
382,CIPLA,3755.0,-2374.0,-1240.0,141.0,Mar 2021,2021,202103,False,False,1381.0
383,CIPLA,3326.0,-1858.0,-1600.0,-132.0,Mar 2022,2022,202203,False,False,1468.0
384,CIPLA,3238.0,-2376.0,-958.0,-97.0,Mar 2023,2023,202303,False,False,862.0
385,CIPLA,4134.0,-2982.0,-1200.0,-49.0,Mar 2024,2024,202403,False,False,1152.0
386,COALINDIA,9109.0,-1833.0,-7852.0,-575.0,Mar 2013,2013,201303,False,False,7276.0
387,COALINDIA,14525.0,8580.0,-25350.0,-2246.0,Mar 2014,2014,201403,False,False,23105.0
388,COALINDIA,14382.0,894.0,-15026.0,250.0,Mar 2015,2015,201503,False,False,15276.0
389,COALINDIA,13154.0,8154.0,-19587.0,1721.0,Mar 2016,2016,201603,False,False,21308.0
390,COALINDIA,16461.0,455.0,-17598.0,-682.0,Mar 2017,2017,201703,False,False,16916.0
391,COALINDIA,21115.0,-7747.0,-13564.0,-196.0,Mar 2018,2018,201803,False,False,13368.0
392,COALINDIA,16356.0,-7896.0,-10885.0,-2426.0,Mar 2019,2019,201903,False,False,8460.0
393,COALINDIA,4977.0,1033.0,-4791.0,1219.0,Mar 2020,2020,202003,False,False,6010.0
394,COALINDIA,10592.0,182.0,-8453.0,2321.0,Mar 2021,2021,202103,False,False,10774.0
395,COALINDIA,41107.0,-25715.0,-13441.0,1951.0,Mar 2022,2022,202203,False,False,15392.0
396,COALINDIA,35734.0,-23465.0,-13704.0,-1436.0,Mar 2023,2023,202303,False,False,12269.0
397,COALINDIA,18103.0,-4486.0,-13899.0,-282.0,Mar 2024,2024,202403,False,False,13617.0
398,DABUR,870.0,-622.0,-234.0,13.0,Mar 2013,2013,201303,False,False,248.0
399,DABUR,1098.0,-104.0,-804.0,190.0,Mar 2014,2014,201403,False,False,994.0
400,DABUR,1047.0,-876.0,-417.0,-245.0,Mar 2015,2015,201503,False,False,171.0
401,DABUR,1187.0,-730.0,-374.0,82.0,Mar 2016,2016,201603,False,False,457.0
402,DABUR,1227.0,-807.0,-339.0,81.0,Mar 2017,2017,201703,False,False,420.0
403,DABUR,1092.0,-541.0,-577.0,-27.0,Mar 2018,2018,201803,False,False,551.0
404,DABUR,1499.0,338.0,-1888.0,-51.0,Mar 2019,2019,201903,False,False,1837.0
405,DABUR,1614.0,-517.0,-1043.0,54.0,Mar 2020,2020,202003,False,False,1097.0
406,DABUR,2115.0,-1404.0,-613.0,97.0,Mar 2021,2021,202103,False,False,711.0
407,DABUR,1802.0,-1273.0,-490.0,38.0,Mar 2022,2022,202203,False,False,529.0
408,DABUR,1488.0,-583.0,-1035.0,-130.0,Mar 2023,2023,202303,False,False,905.0
409,DABUR,2013.0,-971.0,-1161.0,-119.0,Mar 2024,2024,202403,False,False,1042.0
410,DIVISLAB,480.0,-255.0,-231.0,-5.0,Mar 2013,2013,201303,False,False,225.0
411,DIVISLAB,557.0,-305.0,-248.0,3.0,Mar 2014,2014,201403,False,False,252.0
412,DIVISLAB,826.0,-521.0,-303.0,3.0,Mar 2015,2015,201503,False,False,305.0
413,DIVISLAB,1038.0,-406.0,-631.0,0.0,Mar 2016,2016,201603,False,False,632.0
414,DIVISLAB,1150.0,-1140.0,2.0,13.0,Mar 2017,2017,201703,False,False,10.0
415,DIVISLAB,776.0,-478.0,-314.0,-17.0,Mar 2018,2018,201803,False,False,298.0
416,DIVISLAB,954.0,-685.0,-246.0,23.0,Mar 2019,2019,201903,False,False,269.0
417,DIVISLAB,1216.0,-83.0,-1091.0,41.0,Mar 2020,2020,202003,False,False,1133.0
418,DIVISLAB,1947.0,75.0,-35.0,1987.0,Mar 2021,2021,202103,False,False,2022.0
419,DIVISLAB,1912.0,-2195.0,-532.0,-816.0,Mar 2022,2022,202203,False,False,-283.0
420,DIVISLAB,2459.0,-2707.0,-797.0,-1045.0,Mar 2023,2023,202303,False,False,-248.0
421,DIVISLAB,1261.0,-269.0,-799.0,193.0,Mar 2024,2024,202403,False,False,992.0
422,DLF,2009.0,1995.0,-3951.0,52.0,Mar 2013,2013,201303,False,False,4004.0
423,DLF,1468.0,3924.0,-4532.0,860.0,Mar 2014,2014,201403,False,False,5392.0
424,DLF,2037.0,98.0,-1547.0,588.0,Mar 2015,2015,201503,False,False,2135.0
425,DLF,2957.0,-818.0,-1929.0,210.0,Mar 2016,2016,201603,False,False,2139.0
426,DLF,-898.0,872.0,787.0,761.0,Mar 2017,2017,201703,False,False,-26.0
427,DLF,270.0,-2102.0,-232.0,-2064.0,Mar 2018,2018,201803,False,False,-1832.0
428,DLF,2043.0,3.0,875.0,2921.0,Mar 2019,2019,201903,False,False,2046.0
429,DLF,356.0,6508.0,-9522.0,-2658.0,Mar 2020,2020,202003,False,False,6864.0
430,DLF,1460.0,150.0,-2184.0,-573.0,Mar 2021,2021,202103,False,False,1610.0
431,DLF,2832.0,267.0,-3828.0,-729.0,Mar 2022,2022,202203,False,False,3099.0
432,DLF,2375.0,-461.0,-2013.0,-98.0,Mar 2023,2023,202303,False,False,1914.0
433,DLF,2539.0,-1529.0,177.0,1186.0,Mar 2024,2024,202403,False,False,1010.0
434,DMART,127.0,-231.0,118.0,14.0,Mar 2013,2013,201303,False,False,-104.0
435,DMART,198.0,-270.0,65.0,-7.0,Mar 2014,2014,201403,False,False,-72.0
436,DMART,222.0,-474.0,234.0,-17.0,Mar 2015,2015,201503,False,False,-252.0
437,DMART,433.0,-633.0,196.0,-3.0,Mar 2016,2016,201603,False,False,-200.0
438,DMART,455.0,-2482.0,2025.0,-1.0,Mar 2017,2017,201703,False,False,-2027.0
439,DMART,730.0,464.0,-1159.0,34.0,Mar 2018,2018,201803,False,False,1194.0
440,DMART,807.0,-958.0,209.0,57.0,Mar 2019,2019,201903,False,False,-151.0
441,DMART,1280.0,-4657.0,3357.0,-19.0,Mar 2020,2020,202003,False,False,-3377.0
442,DMART,1375.0,-1110.0,-180.0,86.0,Mar 2021,2021,202103,False,False,265.0
443,DMART,1372.0,-1289.0,-179.0,-96.0,Mar 2022,2022,202203,False,False,83.0
444,DMART,2630.0,-2313.0,-205.0,112.0,Mar 2023,2023,202303,False,False,317.0
445,DMART,2746.0,-2468.0,-148.0,130.0,Mar 2024,2024,202403,False,False,278.0
446,DRREDDY,1378.0,-1437.0,-157.0,-216.0,Mar 2013,2013,201303,False,False,-59.0
447,DRREDDY,1970.0,-1604.0,-24.0,342.0,Mar 2014,2014,201403,False,False,366.0
448,DRREDDY,2524.0,-2370.0,-433.0,-280.0,Mar 2015,2015,201503,False,False,154.0
449,DRREDDY,3263.0,-1610.0,-1700.0,-47.0,Mar 2016,2016,201603,False,False,1653.0
450,DRREDDY,2144.0,-1890.0,-369.0,-114.0,Mar 2017,2017,201703,False,False,254.0
451,DRREDDY,1803.0,-1483.0,-444.0,-124.0,Mar 2018,2018,201803,False,False,320.0
452,DRREDDY,2870.0,-769.0,-2133.0,-31.0,Mar 2019,2019,201903,False,False,2101.0
453,DRREDDY,2984.0,-495.0,-2516.0,-27.0,Mar 2020,2020,202003,False,False,2489.0
454,DRREDDY,3570.0,-2255.0,-30.0,1286.0,Mar 2021,2021,202103,False,False,1315.0
455,DRREDDY,2811.0,-2565.0,-242.0,3.0,Mar 2022,2022,202203,False,False,246.0
456,DRREDDY,5888.0,-4109.0,-2686.0,-907.0,Mar 2023,2023,202303,False,False,1779.0
457,DRREDDY,4543.0,-4034.0,-376.0,133.0,Mar 2024,2024,202403,False,False,509.0
458,EICHERMOT,496.0,-773.0,-111.0,-388.0,Dec 2012,2013,201212,False,False,-277.0
459,EICHERMOT,716.0,-790.0,-47.0,-121.0,Dec 2013,2014,201312,False,False,-74.0
460,EICHERMOT,1047.0,-1214.0,-162.0,-329.0,Dec 2014,2015,201412,False,False,-167.0
461,EICHERMOT,1463.0,-1001.0,-466.0,-4.0,Mar 2016,2016,201603,False,False,462.0
462,EICHERMOT,1708.0,-1744.0,25.0,-10.0,Mar 2017,2017,201703,False,False,-36.0
463,EICHERMOT,2482.0,-2145.0,-262.0,75.0,Mar 2018,2018,201803,False,False,337.0
464,EICHERMOT,1575.0,-660.0,-292.0,623.0,Mar 2019,2019,201903,False,False,915.0
465,EICHERMOT,1694.0,-1508.0,-858.0,-673.0,Mar 2020,2020,202003,False,False,186.0
466,EICHERMOT,1691.0,-1625.0,-15.0,51.0,Mar 2021,2021,202103,False,False,66.0
467,EICHERMOT,1527.0,-983.0,-593.0,-50.0,Mar 2022,2022,202203,False,False,544.0
468,EICHERMOT,2823.0,-2397.0,-417.0,8.0,Mar 2023,2023,202303,False,False,426.0
469,EICHERMOT,3724.0,-2834.0,-844.0,45.0,Mar 2024,2024,202403,False,False,890.0
470,GAIL,6603.0,-8626.0,3642.0,1618.0,Mar 2013,2013,201303,False,False,-2023.0
471,GAIL,4615.0,-4466.0,-3.0,146.0,Mar 2014,2014,201403,False,False,149.0
472,GAIL,4214.0,-2809.0,-3058.0,-1653.0,Mar 2015,2015,201503,False,False,1405.0
473,GAIL,3960.0,-904.0,-3028.0,29.0,Mar 2016,2016,201603,False,False,3056.0
474,GAIL,6024.0,-334.0,-5275.0,415.0,Mar 2017,2017,201703,False,False,5690.0
475,GAIL,8769.0,-2660.0,-5252.0,858.0,Mar 2018,2018,201803,False,False,6109.0
476,GAIL,7984.0,-5701.0,-3364.0,-1081.0,Mar 2019,2019,201903,False,False,2283.0
477,GAIL,8345.0,-8299.0,281.0,328.0,Mar 2020,2020,202003,False,False,46.0
478,GAIL,8993.0,-4640.0,-3471.0,882.0,Mar 2021,2021,202103,False,False,4353.0
479,GAIL,9420.0,-5490.0,-3917.0,13.0,Mar 2022,2022,202203,False,False,3930.0
480,GAIL,3205.0,-7453.0,2972.0,-1276.0,Mar 2023,2023,202303,False,False,-4248.0
481,GAIL,12586.0,-8226.0,-3457.0,902.0,Mar 2024,2024,202403,False,False,4360.0
482,GODREJCP,820.0,-865.0,282.0,237.0,Mar 2013,2013,201303,False,False,-45.0
483,GODREJCP,1116.0,-494.0,-620.0,1.0,Mar 2014,2014,201403,False,False,622.0
484,GODREJCP,1027.0,-1236.0,-12.0,-221.0,Mar 2015,2015,201503,False,False,-209.0
485,GODREJCP,847.0,-622.0,-202.0,23.0,Mar 2016,2016,201603,False,False,225.0
486,GODREJCP,1860.0,-2243.0,665.0,282.0,Mar 2017,2017,201703,False,False,-383.0
487,GODREJCP,1723.0,-336.0,-1384.0,3.0,Mar 2018,2018,201803,False,False,1387.0
488,GODREJCP,1729.0,274.0,-2039.0,-36.0,Mar 2019,2019,201903,False,False,2003.0
489,GODREJCP,1588.0,-552.0,-1295.0,-259.0,Mar 2020,2020,202003,False,False,1036.0
490,GODREJCP,2030.0,-292.0,-1816.0,-79.0,Mar 2021,2021,202103,False,False,1738.0
491,GODREJCP,1451.0,-844.0,-380.0,227.0,Mar 2022,2022,202203,False,False,607.0
492,GODREJCP,2151.0,-1754.0,-794.0,-398.0,Mar 2023,2023,202303,False,False,397.0
493,GODREJCP,2070.0,-3435.0,1406.0,41.0,Mar 2024,2024,202403,False,False,-1365.0
494,GRASIM,4242.0,-5687.0,1348.0,-97.0,Mar 2013,2013,201303,False,False,-1445.0
495,GRASIM,3549.0,-2336.0,-1046.0,168.0,Mar 2014,2014,201403,False,False,1213.0
496,GRASIM,4594.0,-2359.0,-2278.0,-42.0,Mar 2015,2015,201503,False,False,2235.0
497,GRASIM,5868.0,-4515.0,-1365.0,-11.0,Mar 2016,2016,201603,False,False,1353.0
498,GRASIM,7288.0,-3509.0,-3799.0,-20.0,Mar 2017,2017,201703,False,False,3779.0
499,GRASIM,-4140.0,1546.0,3449.0,856.0,Mar 2018,2018,201803,False,False,-2594.0
500,GRASIM,-1659.0,-2212.0,4158.0,287.0,Mar 2019,2019,201903,False,False,-3871.0
501,GRASIM,16620.0,-11364.0,-3418.0,1838.0,Mar 2020,2020,202003,False,False,5256.0
502,GRASIM,15075.0,-7146.0,-8003.0,-75.0,Mar 2021,2021,202103,False,False,7929.0
503,GRASIM,7038.0,-1053.0,-6733.0,-748.0,Mar 2022,2022,202203,False,False,5985.0
504,GRASIM,-12685.0,-13712.0,26469.0,72.0,Mar 2023,2023,202303,False,False,-26397.0
505,GRASIM,-10719.0,-23114.0,33908.0,75.0,Mar 2024,2024,202403,False,False,-33833.0
506,HAL,-423.0,3021.0,-164.0,2433.0,Mar 2017,2017,201703,False,False,2598.0
507,HAL,-734.0,594.0,-2540.0,-2680.0,Mar 2018,2018,201803,False,False,-140.0
508,HAL,-7694.0,5292.0,2321.0,-80.0,Mar 2019,2019,201903,False,False,-2402.0
509,HAL,1537.0,-1334.0,64.0,266.0,Mar 2020,2020,202003,False,False,203.0
510,HAL,15124.0,-1190.0,-7070.0,6864.0,Mar 2021,2021,202103,False,False,13934.0
511,HAL,10180.0,-12789.0,-1464.0,-4072.0,Mar 2022,2022,202203,False,False,-2609.0
512,HAL,8836.0,-5734.0,-1731.0,1370.0,Mar 2023,2023,202303,False,False,3102.0
513,HAL,8226.0,-6412.0,-1999.0,-185.0,Mar 2024,2024,202403,False,False,1814.0
514,HAVELLS,638.0,-144.0,-252.0,242.0,Mar 2013,2013,201303,False,False,494.0
515,HAVELLS,868.0,-376.0,-310.0,183.0,Mar 2014,2014,201403,False,False,492.0
516,HAVELLS,963.0,-485.0,-754.0,-277.0,Mar 2015,2015,201503,False,False,478.0
517,HAVELLS,513.0,-121.0,-621.0,-229.0,Mar 2016,2016,201603,False,False,392.0
518,HAVELLS,767.0,-220.0,-98.0,450.0,Mar 2017,2017,201703,False,False,547.0
519,HAVELLS,1100.0,-946.0,-409.0,-255.0,Mar 2018,2018,201803,False,False,154.0
520,HAVELLS,501.0,185.0,-318.0,368.0,Mar 2019,2019,201903,False,False,686.0
521,HAVELLS,827.0,-548.0,-716.0,-437.0,Mar 2020,2020,202003,False,False,279.0
522,HAVELLS,660.0,-763.0,190.0,87.0,Mar 2021,2021,202103,False,False,-103.0
523,HAVELLS,1728.0,-759.0,-547.0,421.0,Mar 2022,2022,202203,False,False,969.0
524,HAVELLS,565.0,31.0,-907.0,-311.0,Mar 2023,2023,202303,False,False,596.0
525,HAVELLS,1953.0,-1618.0,-534.0,-199.0,Mar 2024,2024,202403,False,False,335.0
526,HCLTECH,4492.0,-2361.0,-2086.0,44.0,Jun 2013,2014,201306,False,False,2131.0
527,HCLTECH,6457.0,-4842.0,-1308.0,307.0,Jun 2014,2015,201406,False,False,1615.0
528,HCLTECH,5539.0,-2088.0,-3140.0,311.0,Jun 2015,2016,201506,False,False,3451.0
529,HCLTECH,3823.0,-2208.0,-2237.0,-623.0,Mar 2016,2016,201603,False,False,1615.0
530,HCLTECH,8995.0,-3890.0,-4517.0,588.0,Mar 2017,2017,201703,False,False,5105.0
531,HCLTECH,8328.0,-2236.0,-5714.0,378.0,Mar 2018,2018,201803,False,False,6092.0
532,HCLTECH,8971.0,-3256.0,-1471.0,4244.0,Mar 2019,2019,201903,False,False,5715.0
533,HCLTECH,13359.0,-12332.0,-3168.0,-2141.0,Mar 2020,2020,202003,False,False,1027.0
534,HCLTECH,19618.0,-5665.0,-11192.0,2761.0,Mar 2021,2021,202103,False,False,13953.0
535,HCLTECH,16900.0,1597.0,-14508.0,3989.0,Mar 2022,2022,202203,False,False,18497.0
536,HCLTECH,18009.0,-3573.0,-15881.0,-1445.0,Mar 2023,2023,202303,False,False,14436.0
537,HCLTECH,22448.0,-6608.0,-15464.0,376.0,Mar 2024,2024,202403,False,False,15840.0
538,HDFCBANK,-5847.0,-902.0,13105.0,6356.0,Mar 2013,2013,201303,False,False,-6749.0
539,HDFCBANK,4211.0,-1099.0,9270.0,12382.0,Mar 2014,2014,201403,False,False,3112.0
540,HDFCBANK,-21281.0,-800.0,18694.0,-3387.0,Mar 2015,2015,201503,False,False,-22081.0
541,HDFCBANK,-34435.0,-837.0,37815.0,2542.0,Mar 2016,2016,201603,False,False,-35272.0
542,HDFCBANK,17282.0,-1146.0,-5893.0,10242.0,Mar 2017,2017,201703,False,False,16136.0
543,HDFCBANK,17214.0,-842.0,57378.0,73750.0,Mar 2018,2018,201803,False,False,16372.0
544,HDFCBANK,-62872.0,-1503.0,23131.0,-41244.0,Mar 2019,2019,201903,False,False,-64375.0
545,HDFCBANK,-16869.0,-1403.0,24394.0,6122.0,Mar 2020,2020,202003,False,False,-18272.0
546,HDFCBANK,42476.0,-1823.0,-7321.0,33332.0,Mar 2021,2021,202103,False,False,40653.0
547,HDFCBANK,-11960.0,-2051.0,48124.0,34113.0,Mar 2022,2022,202203,False,False,-14011.0
548,HDFCBANK,20814.0,-2992.0,23941.0,41762.0,Mar 2023,2023,202303,False,False,17822.0
549,HDFCBANK,19069.0,16600.0,-3983.0,31687.0,Mar 2024,2024,202403,False,False,35669.0
550,HDFCLIFE,,,,,Mar 2013,2013,201303,False,False,0.0
551,HDFCLIFE,,,,,Mar 2014,2014,201403,False,False,0.0
552,HDFCLIFE,4459.0,-3514.0,-168.0,777.0,Mar 2015,2015,201503,False,False,945.0
553,HDFCLIFE,5687.0,-3962.0,-212.0,1513.0,Mar 2016,2016,201603,False,False,1725.0
554,HDFCLIFE,6230.0,-5177.0,-236.0,817.0,Mar 2017,2017,201703,False,False,1053.0
555,HDFCLIFE,6739.0,-4421.0,-196.0,2122.0,Mar 2018,2018,201803,False,False,2318.0
556,HDFCLIFE,9868.0,-10182.0,-337.0,-651.0,Mar 2019,2019,201903,False,False,-314.0
557,HDFCLIFE,7388.0,-7789.0,38.0,-364.0,Mar 2020,2020,202003,False,False,-401.0
558,HDFCLIFE,9703.0,-8952.0,678.0,1429.0,Mar 2021,2021,202103,False,False,751.0
559,HDFCLIFE,5943.0,-801.0,-238.0,4904.0,Mar 2022,2022,202203,False,False,5142.0
560,HDFCLIFE,6883.0,-10071.0,1985.0,-1203.0,Mar 2023,2023,202303,False,False,-3188.0
561,HDFCLIFE,10721.0,-13614.0,-403.0,-3296.0,Mar 2024,2024,202403,False,False,-2893.0
562,HEROMOTOCO,2963.0,-1616.0,-1414.0,-66.0,Mar 2014,2014,201403,False,False,1347.0
563,HEROMOTOCO,2186.0,31.0,-2131.0,86.0,Mar 2015,2015,201503,False,False,2217.0
564,HEROMOTOCO,3722.0,-2300.0,-1475.0,-53.0,Mar 2016,2016,201603,False,False,1422.0
565,HEROMOTOCO,4007.0,-1972.0,-2036.0,-1.0,Mar 2017,2017,201703,False,False,2035.0
566,HEROMOTOCO,4017.0,-1858.0,-2102.0,57.0,Mar 2018,2018,201803,False,False,2159.0
567,HEROMOTOCO,1032.0,1298.0,-2252.0,78.0,Mar 2019,2019,201903,False,False,2330.0
568,HEROMOTOCO,5518.0,-2819.0,-2602.0,97.0,Mar 2020,2020,202003,False,False,2699.0
569,HEROMOTOCO,4110.0,-2289.0,-1852.0,-31.0,Mar 2021,2021,202103,False,False,1821.0
570,HEROMOTOCO,2104.0,-222.0,-1975.0,-94.0,Mar 2022,2022,202203,False,False,1882.0
571,HEROMOTOCO,2614.0,-421.0,-2147.0,45.0,Mar 2023,2023,202303,False,False,2193.0
572,HEROMOTOCO,4923.0,-1828.0,-2717.0,379.0,Mar 2024,2024,202403,False,False,3095.0
573,HINDALCO,2977.0,-13801.0,10278.0,-545.0,Mar 2013,2013,201303,False,False,-10824.0
574,HINDALCO,7956.0,-8095.0,1493.0,1353.0,Mar 2014,2014,201403,False,False,-139.0
575,HINDALCO,7143.0,-3873.0,-2437.0,833.0,Mar 2015,2015,201503,False,False,3270.0
576,HINDALCO,11688.0,-3220.0,-8862.0,-394.0,Mar 2016,2016,201603,False,False,8468.0
577,HINDALCO,12687.0,-2876.0,-5552.0,4259.0,Mar 2017,2017,201703,False,False,9811.0
578,HINDALCO,10898.0,5333.0,-16412.0,-181.0,Mar 2018,2018,201803,False,False,16231.0
579,HINDALCO,11977.0,-5456.0,-5466.0,1055.0,Mar 2019,2019,201903,False,False,6521.0
580,HINDALCO,12745.0,-7227.0,6656.0,12174.0,Mar 2020,2020,202003,False,False,5518.0
581,HINDALCO,17232.0,-25280.0,-4882.0,-12930.0,Mar 2021,2021,202103,False,False,-8048.0
582,HINDALCO,16838.0,-6773.0,-6765.0,3300.0,Mar 2022,2022,202203,False,False,10065.0
583,HINDALCO,19208.0,-7559.0,-10450.0,1199.0,Mar 2023,2023,202303,False,False,11649.0
584,HINDALCO,24056.0,-14267.0,-10817.0,-1028.0,Mar 2024,2024,202403,False,False,9789.0
585,HINDUNILVR,3605.0,63.0,-4147.0,-480.0,Mar 2013,2013,201303,False,False,3668.0
586,HINDUNILVR,3818.0,-475.0,-2960.0,383.0,Mar 2014,2014,201403,False,False,3343.0
587,HINDUNILVR,3292.0,138.0,-3462.0,-33.0,Mar 2015,2015,201503,False,False,3430.0
588,HINDUNILVR,4171.0,-282.0,-3864.0,25.0,Mar 2016,2016,201603,False,False,3889.0
589,HINDUNILVR,5185.0,-1173.0,-4214.0,-202.0,Mar 2017,2017,201703,False,False,4012.0
590,HINDUNILVR,6059.0,-1063.0,-4975.0,21.0,Mar 2018,2018,201803,False,False,4996.0
591,HINDUNILVR,5800.0,-438.0,-5390.0,-28.0,Mar 2019,2019,201903,False,False,5362.0
592,HINDUNILVR,7623.0,1791.0,-6819.0,2595.0,Mar 2020,2020,202003,False,False,9414.0
593,HINDUNILVR,9163.0,-1228.0,-9309.0,-1374.0,Mar 2021,2021,202103,False,False,7935.0
594,HINDUNILVR,9048.0,-1728.0,-8015.0,-695.0,Mar 2022,2022,202203,False,False,7320.0
595,HINDUNILVR,9991.0,-1484.0,-8953.0,-446.0,Mar 2023,2023,202303,False,False,8507.0
596,HINDUNILVR,15469.0,-5324.0,-10034.0,111.0,Mar 2024,2024,202403,False,False,10145.0
597,ICICIBANK,17494.0,-18563.0,9283.0,8215.0,Mar 2013,2013,201303,False,False,-1069.0
598,ICICIBANK,6765.0,-15750.0,7872.0,-1113.0,Mar 2014,2014,201403,False,False,-8985.0
599,ICICIBANK,-12273.0,-13175.0,24827.0,-621.0,Mar 2015,2015,201503,False,False,-25448.0
600,ICICIBANK,23645.0,-12060.0,5814.0,17399.0,Mar 2016,2016,201603,False,False,11585.0
601,ICICIBANK,52636.0,-1711.0,-35470.0,15455.0,Mar 2017,2017,201703,False,False,50925.0
602,ICICIBANK,19383.0,-50551.0,39676.0,8508.0,Mar 2018,2018,201803,False,False,-31168.0
603,ICICIBANK,48671.0,-30282.0,-19997.0,-1608.0,Mar 2019,2019,201903,False,False,18389.0
604,ICICIBANK,79565.0,-42095.0,2992.0,40462.0,Mar 2020,2020,202003,False,False,37470.0
605,ICICIBANK,138015.0,-63631.0,-54667.0,19718.0,Mar 2021,2021,202103,False,False,74384.0
606,ICICIBANK,58111.0,-39448.0,17451.0,36114.0,Mar 2022,2022,202203,False,False,18663.0
607,ICICIBANK,-3771.0,-67689.0,24791.0,-46669.0,Mar 2023,2023,202303,False,False,-71460.0
608,ICICIBANK,157284.0,-144737.0,13765.0,26312.0,Mar 2024,2024,202403,False,False,12547.0
609,ICICIGI,984.0,-962.0,102.0,124.0,Mar 2013,2013,201303,False,False,22.0
610,ICICIGI,595.0,-706.0,4.0,-108.0,Mar 2014,2014,201403,False,False,-111.0
611,ICICIGI,-98.0,171.0,-93.0,-20.0,Mar 2015,2015,201503,False,False,73.0
612,ICICIGI,511.0,-310.0,-148.0,53.0,Mar 2016,2016,201603,False,False,201.0
613,ICICIGI,1628.0,-1990.0,361.0,-1.0,Mar 2017,2017,201703,False,False,-362.0
614,ICICIGI,2390.0,-1896.0,-96.0,398.0,Mar 2018,2018,201803,False,False,494.0
615,ICICIGI,2976.0,-2856.0,-310.0,-190.0,Mar 2019,2019,201903,False,False,120.0
616,ICICIGI,3433.0,-3382.0,-420.0,-369.0,Mar 2020,2020,202003,False,False,51.0
617,ICICIGI,1774.0,-1367.0,-212.0,195.0,Mar 2021,2021,202103,False,False,407.0
618,ICICIGI,809.0,135.0,-879.0,65.0,Mar 2022,2022,202203,False,False,944.0
619,ICICIGI,2290.0,-1685.0,-695.0,-90.0,Mar 2023,2023,202303,False,False,605.0
620,ICICIGI,2407.0,-1921.0,-355.0,131.0,Mar 2024,2024,202403,False,False,486.0
621,ICICIPRULI,-2641.0,1564.0,-514.0,-1591.0,Mar 2013,2013,201303,False,False,-1077.0
622,ICICIPRULI,-2382.0,6012.0,-1091.0,2539.0,Mar 2014,2014,201403,False,False,3630.0
623,ICICIPRULI,523.0,-1822.0,-966.0,-2264.0,Mar 2015,2015,201503,False,False,-1299.0
624,ICICIPRULI,3634.0,27.0,-1442.0,2219.0,Mar 2016,2016,201603,False,False,3661.0
625,ICICIPRULI,4130.0,-696.0,-994.0,2439.0,Mar 2017,2017,201703,False,False,3434.0
626,ICICIPRULI,5690.0,-5389.0,-1188.0,-887.0,Mar 2018,2018,201803,False,False,301.0
627,ICICIPRULI,11377.0,-7559.0,-843.0,2975.0,Mar 2019,2019,201903,False,False,3818.0
628,ICICIPRULI,8596.0,-10797.0,-405.0,-2606.0,Mar 2020,2020,202003,False,False,-2201.0
629,ICICIPRULI,7314.0,-5084.0,1205.0,3434.0,Mar 2021,2021,202103,False,False,2230.0
630,ICICIPRULI,1831.0,-816.0,-319.0,696.0,Mar 2022,2022,202203,False,False,1015.0
631,ICICIPRULI,89.0,-1145.0,-112.0,-1168.0,Mar 2023,2023,202303,False,False,-1056.0
632,ICICIPRULI,-7315.0,7420.0,-88.0,17.0,Mar 2024,2024,202403,False,False,105.0
633,INDIGO,1741.0,-1890.0,36.0,-113.0,Mar 2013,2013,201303,False,False,-149.0
634,INDIGO,1595.0,-2914.0,1285.0,-34.0,Mar 2014,2014,201403,False,False,-1319.0
635,INDIGO,2384.0,-940.0,-1308.0,136.0,Mar 2015,2015,201503,False,False,1444.0
636,INDIGO,3116.0,-1337.0,-1220.0,559.0,Mar 2016,2016,201603,False,False,1779.0
637,INDIGO,3782.0,-3033.0,-1401.0,-652.0,Mar 2017,2017,201703,False,False,749.0
638,INDIGO,3903.0,-4152.0,766.0,518.0,Mar 2018,2018,201803,False,False,-249.0
639,INDIGO,3160.0,-2526.0,-592.0,42.0,Mar 2019,2019,201903,False,False,634.0
640,INDIGO,6943.0,-4573.0,-2407.0,-37.0,Mar 2020,2020,202003,False,False,2370.0
641,INDIGO,-1620.0,3228.0,-1775.0,-168.0,Mar 2021,2021,202103,False,False,1608.0
642,INDIGO,2064.0,1527.0,-3088.0,503.0,Mar 2022,2022,202203,False,False,3591.0
643,INDIGO,12703.0,-4039.0,-8432.0,232.0,Mar 2023,2023,202303,False,False,8664.0
644,INDIGO,21183.0,-11759.0,-9979.0,-555.0,Mar 2024,2024,202403,False,False,9424.0
645,INDUSINDBK,-486.0,-174.0,1969.0,1309.0,Mar 2013,2013,201303,False,False,-660.0
646,INDUSINDBK,-4106.0,-174.0,4200.0,-79.0,Mar 2014,2014,201403,False,False,-4280.0
647,INDUSINDBK,-1421.0,-276.0,5707.0,4010.0,Mar 2015,2015,201503,False,False,-1697.0
648,INDUSINDBK,-2927.0,-258.0,2517.0,-667.0,Mar 2016,2016,201603,False,False,-3185.0
649,INDUSINDBK,11569.0,-285.0,-2768.0,8516.0,Mar 2017,2017,201703,False,False,11284.0
650,INDUSINDBK,-20700.0,-217.0,15505.0,-5412.0,Mar 2018,2018,201803,False,False,-20917.0
651,INDUSINDBK,-6389.0,-633.0,8590.0,1568.0,Mar 2019,2019,201903,False,False,-7022.0
652,INDUSINDBK,-12039.0,526.0,12733.0,1220.0,Mar 2020,2020,202003,False,False,-11513.0
653,INDUSINDBK,44646.0,-226.0,-4096.0,40324.0,Mar 2021,2021,202103,False,False,44420.0
654,INDUSINDBK,16600.0,-351.0,-4302.0,11947.0,Mar 2022,2022,202203,False,False,16249.0
655,INDUSINDBK,-12438.0,-441.0,1115.0,-11763.0,Mar 2023,2023,202303,False,False,-12879.0
656,INDUSINDBK,-16843.0,-625.0,-2242.0,-19710.0,Mar 2024,2024,202403,False,False,-17468.0
657,INFY,7373.0,-2922.0,-3210.0,1241.0,Mar 2013,2013,201303,False,False,4451.0
658,INFY,9825.0,-2563.0,-3144.0,4118.0,Mar 2014,2014,201403,False,False,7262.0
659,INFY,8353.0,999.0,-4935.0,4417.0,Mar 2015,2015,201503,False,False,9352.0
660,INFY,10028.0,-885.0,-6813.0,2330.0,Mar 2016,2016,201603,False,False,9143.0
661,INFY,11531.0,-14664.0,-6939.0,-10072.0,Mar 2017,2017,201703,False,False,-3133.0
662,INFY,13218.0,4533.0,-20505.0,-2754.0,Mar 2018,2018,201803,False,False,17751.0
663,INFY,14841.0,-632.0,-14512.0,-303.0,Mar 2019,2019,201903,False,False,14209.0
664,INFY,17003.0,-331.0,-17591.0,-919.0,Mar 2020,2020,202003,False,False,16672.0
665,INFY,23224.0,-7373.0,-9786.0,6065.0,Mar 2021,2021,202103,False,False,15851.0
666,INFY,23885.0,-6485.0,-24642.0,-7242.0,Mar 2022,2022,202203,False,False,17400.0
667,INFY,22467.0,-1071.0,-26695.0,-5299.0,Mar 2023,2023,202303,False,False,21396.0
668,INFY,25210.0,-5093.0,-17504.0,2613.0,Mar 2024,2024,202403,False,False,20117.0
669,IOC,9340.0,-9294.0,352.0,398.0,Mar 2013,2013,201303,False,False,46.0
670,IOC,24195.0,-18594.0,-3116.0,2485.0,Mar 2014,2014,201403,False,False,5601.0
671,IOC,46092.0,-10215.0,-38283.0,-2406.0,Mar 2015,2015,201503,False,False,35877.0
672,IOC,25624.0,-13610.0,-11890.0,124.0,Mar 2016,2016,201603,False,False,12014.0
673,IOC,28216.0,-17684.0,-10937.0,-405.0,Mar 2017,2017,201703,False,False,10532.0
674,IOC,29115.0,-17119.0,-12007.0,-11.0,Mar 2018,2018,201803,False,False,11996.0
675,IOC,12747.0,-22569.0,10436.0,614.0,Mar 2019,2019,201903,False,False,-9822.0
676,IOC,7146.0,-29101.0,22456.0,502.0,Mar 2020,2020,202003,False,False,-21955.0
677,IOC,49650.0,-22935.0,-27369.0,-653.0,Mar 2021,2021,202103,False,False,26715.0
678,IOC,25747.0,-21294.0,-4058.0,395.0,Mar 2022,2022,202203,False,False,4453.0
679,IOC,29644.0,-28030.0,-1794.0,-180.0,Mar 2023,2023,202303,False,False,1614.0
680,IOC,71099.0,-31464.0,-39385.0,250.0,Mar 2024,2024,202403,False,False,39635.0
681,IRCTC,69.0,-46.0,-17.0,6.0,Mar 2015,2015,201503,False,False,23.0
682,IRCTC,288.0,7.0,-31.0,263.0,Mar 2016,2016,201603,False,False,295.0
683,IRCTC,338.0,94.0,-136.0,296.0,Mar 2017,2017,201703,False,False,432.0
684,IRCTC,24.0,40.0,-57.0,7.0,Mar 2018,2018,201803,False,False,64.0
685,IRCTC,499.0,-353.0,-179.0,-33.0,Mar 2019,2019,201903,False,False,146.0
686,IRCTC,409.0,8.0,-280.0,137.0,Mar 2020,2020,202003,False,False,417.0
687,IRCTC,248.0,-453.0,-47.0,-252.0,Mar 2021,2021,202103,False,False,-205.0
688,IRCTC,524.0,-242.0,-258.0,23.0,Mar 2022,2022,202203,False,False,282.0
689,IRCTC,812.0,-317.0,-434.0,61.0,Mar 2023,2023,202303,False,False,495.0
690,IRCTC,882.0,-215.0,-404.0,262.0,Mar 2024,2024,202403,False,False,667.0
691,IRFC,-16378.0,2.0,17582.0,1206.0,Mar 2016,2016,201603,False,False,-16376.0
692,IRFC,-19455.0,2.0,18250.0,-1204.0,Mar 2017,2017,201703,False,False,-19453.0
693,IRFC,-28076.0,2.0,28075.0,0.0,Mar 2018,2018,201803,False,False,-28074.0
694,IRFC,-41748.0,1.0,41749.0,3.0,Mar 2019,2019,201903,False,False,-41747.0
695,IRFC,-62701.0,1.0,62697.0,-2.0,Mar 2020,2020,202003,False,False,-62700.0
696,IRFC,-89907.0,0.0,90202.0,296.0,Mar 2021,2021,202103,False,False,-89907.0
697,IRFC,-64412.0,-5.0,64266.0,-151.0,Mar 2022,2022,202203,False,False,-64417.0
698,IRFC,-28588.0,0.0,28644.0,56.0,Mar 2023,2023,202303,False,False,-28588.0
699,IRFC,7914.0,-8.0,-8046.0,-140.0,Mar 2024,2024,202403,False,False,7906.0
700,ITC,7102.0,-3881.0,-3310.0,-90.0,Mar 2013,2013,201303,False,False,3221.0
701,ITC,7344.0,-3254.0,-4122.0,-32.0,Mar 2014,2014,201403,False,False,4090.0
702,ITC,9843.0,-5275.0,-4661.0,-93.0,Mar 2015,2015,201503,False,False,4568.0
703,ITC,9799.0,-3921.0,-5613.0,266.0,Mar 2016,2016,201603,False,False,5878.0
704,ITC,10627.0,-3251.0,-7301.0,75.0,Mar 2017,2017,201703,False,False,7376.0
705,ITC,13169.0,-7114.0,-6221.0,-166.0,Mar 2018,2018,201803,False,False,6055.0
706,ITC,12583.0,-5546.0,-6869.0,169.0,Mar 2019,2019,201903,False,False,7037.0
707,ITC,14690.0,-6174.0,-8181.0,334.0,Mar 2020,2020,202003,False,False,8516.0
708,ITC,12527.0,5740.0,-18634.0,-367.0,Mar 2021,2021,202103,False,False,18267.0
709,ITC,15776.0,-2238.0,-13580.0,-43.0,Mar 2022,2022,202203,False,False,13538.0
710,ITC,18878.0,-5732.0,-13006.0,139.0,Mar 2023,2023,202303,False,False,13146.0
711,ITC,17179.0,1563.0,-18551.0,191.0,Mar 2024,2024,202403,False,False,18742.0
712,JINDALSTEL,3522.0,-9591.0,6111.0,43.0,Mar 2013,2013,201303,False,False,-6069.0
713,JINDALSTEL,4580.0,-12694.0,8879.0,766.0,Mar 2014,2014,201403,False,False,-8114.0
714,JINDALSTEL,1182.0,-6717.0,5708.0,173.0,Mar 2015,2015,201503,False,False,-5535.0
715,JINDALSTEL,4333.0,-2262.0,-2672.0,-601.0,Mar 2016,2016,201603,False,False,2071.0
716,JINDALSTEL,6850.0,-1998.0,-5108.0,-256.0,Mar 2017,2017,201703,False,False,4852.0
717,JINDALSTEL,7724.0,-1431.0,-6276.0,17.0,Mar 2018,2018,201803,False,False,6293.0
718,JINDALSTEL,9027.0,-832.0,-8261.0,-67.0,Mar 2019,2019,201903,False,False,8195.0
719,JINDALSTEL,8814.0,-1476.0,-7016.0,322.0,Mar 2020,2020,202003,False,False,7338.0
720,JINDALSTEL,11961.0,-1884.0,-4612.0,5465.0,Mar 2021,2021,202103,False,False,10077.0
721,JINDALSTEL,16048.0,-2331.0,-15120.0,-1403.0,Mar 2022,2022,202203,False,False,13717.0
722,JINDALSTEL,7347.0,-4090.0,-2500.0,757.0,Mar 2023,2023,202303,False,False,3257.0
723,JINDALSTEL,6008.0,-8344.0,1381.0,-955.0,Mar 2024,2024,202403,False,False,-2336.0
724,JIOFIN,2055.0,-1110.0,-889.0,56.0,Mar 2023,2023,202303,False,False,945.0
725,JIOFIN,-678.0,1441.0,-753.0,11.0,Mar 2024,2024,202403,False,False,763.0
726,JSWENERGY,1725.0,-944.0,-684.0,96.0,Mar 2013,2013,201303,False,False,781.0
727,JSWENERGY,2269.0,-363.0,-1859.0,48.0,Mar 2014,2014,201403,False,False,1906.0
728,JSWENERGY,3394.0,-422.0,-2327.0,645.0,Mar 2015,2015,201503,False,False,2972.0
729,JSWENERGY,3538.0,-3272.0,-1622.0,-1357.0,Mar 2016,2016,201603,False,False,266.0
730,JSWENERGY,3853.0,-762.0,-2595.0,496.0,Mar 2017,2017,201703,False,False,3091.0
731,JSWENERGY,3934.0,-215.0,-3968.0,-249.0,Mar 2018,2018,201803,False,False,3719.0
732,JSWENERGY,2491.0,-55.0,-2523.0,-87.0,Mar 2019,2019,201903,False,False,2436.0
733,JSWENERGY,2082.0,301.0,-1962.0,421.0,Mar 2020,2020,202003,False,False,2383.0
734,JSWENERGY,3700.0,-1030.0,-2515.0,155.0,Mar 2021,2021,202103,False,False,2670.0
735,JSWENERGY,2952.0,-1387.0,-781.0,784.0,Mar 2022,2022,202203,False,False,1565.0
736,JSWENERGY,2084.0,-6778.0,7327.0,2634.0,Mar 2023,2023,202303,False,False,-4694.0
737,JSWENERGY,6234.0,-8197.0,1675.0,-289.0,Mar 2024,2024,202403,False,False,-1963.0
738,JSWSTEEL,5844.0,-5433.0,-791.0,-380.0,Mar 2013,2013,201303,False,False,411.0
739,JSWSTEEL,2594.0,-5618.0,3300.0,276.0,Mar 2014,2014,201403,False,False,-3024.0
740,JSWSTEEL,7876.0,-7372.0,-169.0,334.0,Mar 2015,2015,201503,False,False,504.0
741,JSWSTEEL,6897.0,-3857.0,-3151.0,-111.0,Mar 2016,2016,201603,False,False,3040.0
742,JSWSTEEL,7888.0,-5094.0,-2710.0,84.0,Mar 2017,2017,201703,False,False,2794.0
743,JSWSTEEL,12379.0,-4529.0,-8185.0,-335.0,Mar 2018,2018,201803,False,False,7850.0
744,JSWSTEEL,14633.0,-11387.0,1753.0,4999.0,Mar 2019,2019,201903,False,False,3246.0
745,JSWSTEEL,12785.0,-19589.0,5189.0,-1615.0,Mar 2020,2020,202003,False,False,-6804.0
746,JSWSTEEL,18789.0,-7702.0,-3110.0,7977.0,Mar 2021,2021,202103,False,False,11087.0
747,JSWSTEEL,26270.0,-14748.0,-14657.0,-3135.0,Mar 2022,2022,202203,False,False,11522.0
748,JSWSTEEL,23323.0,-10730.0,-5977.0,6616.0,Mar 2023,2023,202303,False,False,12593.0
749,JSWSTEEL,12078.0,-14467.0,-5005.0,-7394.0,Mar 2024,2024,202403,False,False,-2389.0
750,KOTAKBANK,2878.0,-9035.0,7099.0,942.0,Mar 2013,2013,201303,False,False,-6157.0
751,KOTAKBANK,9068.0,-1130.0,-5814.0,2125.0,Mar 2014,2014,201403,False,False,7938.0
752,KOTAKBANK,2302.0,-4467.0,2426.0,260.0,Mar 2015,2015,201503,False,False,-2165.0
753,KOTAKBANK,5025.0,-2353.0,2024.0,4696.0,Mar 2016,2016,201603,False,False,2672.0
754,KOTAKBANK,13222.0,-5289.0,6055.0,13989.0,Mar 2017,2017,201703,False,False,7933.0
755,KOTAKBANK,-10392.0,-5475.0,14679.0,-1188.0,Mar 2018,2018,201803,False,False,-15867.0
756,KOTAKBANK,1822.0,-3323.0,8365.0,6864.0,Mar 2019,2019,201903,False,False,-1501.0
757,KOTAKBANK,46619.0,-13068.0,-735.0,32815.0,Mar 2020,2020,202003,False,False,33551.0
758,KOTAKBANK,4881.0,-11172.0,-10072.0,-16363.0,Mar 2021,2021,202103,False,False,-6291.0
759,KOTAKBANK,8308.0,-10903.0,7543.0,4949.0,Mar 2022,2022,202203,False,False,-2595.0
760,KOTAKBANK,-1242.0,-10381.0,1883.0,-9740.0,Mar 2023,2023,202303,False,False,-11623.0
761,KOTAKBANK,15685.0,-8919.0,15515.0,22281.0,Mar 2024,2024,202403,False,False,6766.0
762,LICI,13274.0,9636.0,-13700.0,9210.0,Mar 2019,2019,201903,False,False,22910.0
763,LICI,54367.0,-40415.0,-18664.0,-4712.0,Mar 2020,2020,202003,False,False,13952.0
764,LICI,80602.0,148447.0,-256125.0,-27077.0,Mar 2021,2021,202103,False,False,229049.0
765,LICI,-3783.0,12531.0,0.0,8748.0,Mar 2022,2022,202203,False,False,8748.0
766,LICI,54519.0,-52848.0,-949.0,722.0,Mar 2023,2023,202303,False,False,1671.0
767,LICI,26122.0,-25269.0,-4427.0,-3574.0,Mar 2024,2024,202403,False,False,853.0
777,LODHA,387.0,-854.0,330.0,-137.0,Mar 2016,2016,201603,False,False,-467.0
778,LODHA,1469.0,-1174.0,-312.0,-16.0,Mar 2017,2017,201703,False,False,295.0
779,LODHA,696.0,-651.0,24.0,69.0,Mar 2018,2018,201803,False,False,45.0
780,LODHA,-463.0,-175.0,736.0,97.0,Mar 2019,2019,201903,False,False,-638.0
781,LODHA,3772.0,182.0,-4188.0,-234.0,Mar 2020,2020,202003,False,False,3954.0
782,LODHA,2524.0,420.0,-2835.0,109.0,Mar 2021,2021,202103,False,False,2944.0
783,LODHA,1998.0,1139.0,-2888.0,250.0,Mar 2022,2022,202203,False,False,3137.0
784,LODHA,2750.0,1789.0,-3706.0,834.0,Mar 2023,2023,202303,False,False,4539.0
785,LODHA,2512.0,-2947.0,951.0,516.0,Mar 2024,2024,202403,False,False,-435.0
786,LT,-4355.0,-6922.0,11429.0,152.0,Mar 2013,2013,201303,False,False,-11277.0
787,LT,-7143.0,-5510.0,13136.0,483.0,Mar 2014,2014,201403,False,False,-12653.0
788,LT,-1365.0,-4778.0,7903.0,1759.0,Mar 2015,2015,201503,False,False,-6143.0
789,LT,-3240.0,-4627.0,7253.0,-613.0,Mar 2016,2016,201603,False,False,-7867.0
790,LT,6655.0,-9796.0,2896.0,-245.0,Mar 2017,2017,201703,False,False,-3141.0
791,LT,-10031.0,3914.0,9370.0,3254.0,Mar 2018,2018,201803,False,False,-6117.0
792,LT,-4756.0,-11023.0,15440.0,-338.0,Mar 2019,2019,201903,False,False,-15779.0
793,LT,6694.0,-8408.0,6372.0,4658.0,Mar 2020,2020,202003,False,False,-1714.0
794,LT,23074.0,-5750.0,-15274.0,2049.0,Mar 2021,2021,202103,False,False,17324.0
795,LT,19164.0,-3585.0,-15181.0,397.0,Mar 2022,2022,202203,False,False,15579.0
796,LT,22777.0,-8048.0,-11572.0,3156.0,Mar 2023,2023,202303,False,False,14729.0
797,LT,18266.0,2179.0,-25413.0,-4968.0,Mar 2024,2024,202403,False,False,20445.0
798,LTIM,608.0,-224.0,-396.0,-13.0,Mar 2013,2013,201303,False,False,384.0
799,LTIM,628.0,180.0,-769.0,40.0,Mar 2014,2014,201403,False,False,808.0
800,LTIM,642.0,-103.0,-497.0,42.0,Mar 2015,2015,201503,False,False,539.0
801,LTIM,858.0,-40.0,-817.0,2.0,Mar 2016,2016,201603,False,False,818.0
802,LTIM,1170.0,-961.0,-33.0,176.0,Mar 2017,2017,201703,False,False,209.0
803,LTIM,844.0,-452.0,-408.0,-16.0,Mar 2018,2018,201803,False,False,392.0
804,LTIM,1395.0,-749.0,-594.0,52.0,Mar 2019,2019,201903,False,False,646.0
805,LTIM,1644.0,-643.0,-890.0,110.0,Mar 2020,2020,202003,False,False,1001.0
806,LTIM,2400.0,-1657.0,-509.0,234.0,Mar 2021,2021,202103,False,False,743.0
807,LTIM,3251.0,-1643.0,-1680.0,-73.0,Mar 2022,2022,202203,False,False,1608.0
808,LTIM,3095.0,-271.0,-1932.0,892.0,Mar 2023,2023,202303,False,False,2824.0
809,LTIM,5670.0,-3918.0,-2269.0,-518.0,Mar 2024,2024,202403,False,False,1752.0
810,M&M,-922.0,-2903.0,4508.0,684.0,Mar 2013,2013,201303,False,False,-3825.0
811,M&M,-244.0,-4524.0,5577.0,810.0,Mar 2014,2014,201403,False,False,-4768.0
812,M&M,1055.0,-4357.0,1669.0,-1633.0,Mar 2015,2015,201503,False,False,-3302.0
813,M&M,2385.0,-5506.0,2967.0,-154.0,Mar 2016,2016,201603,False,False,-3121.0
814,M&M,183.0,-5875.0,6108.0,416.0,Mar 2017,2017,201703,False,False,-5692.0
815,M&M,682.0,-5467.0,6314.0,1529.0,Mar 2018,2018,201803,False,False,-4785.0
816,M&M,-4347.0,-7174.0,13194.0,1672.0,Mar 2019,2019,201903,False,False,-11521.0
817,M&M,-1457.0,-6870.0,6933.0,-1394.0,Mar 2020,2020,202003,False,False,-8327.0
818,M&M,17909.0,-19686.0,406.0,-1370.0,Mar 2021,2021,202103,False,False,-1777.0
819,M&M,9248.0,-3252.0,-5883.0,113.0,Mar 2022,2022,202203,False,False,5996.0
820,M&M,-7074.0,-8866.0,15946.0,6.0,Mar 2023,2023,202303,False,False,-15940.0
821,M&M,-5630.0,-5615.0,12281.0,1037.0,Mar 2024,2024,202403,False,False,-11245.0
822,MARUTI,4059.0,-3119.0,-979.0,-39.0,Mar 2013,2013,201303,False,False,940.0
823,MARUTI,4995.0,-4997.0,-74.0,-76.0,Mar 2014,2014,201403,False,False,-2.0
824,MARUTI,6449.0,-4491.0,-2004.0,-45.0,Mar 2015,2015,201503,False,False,1958.0
825,MARUTI,8482.0,-7230.0,-1237.0,16.0,Mar 2016,2016,201603,False,False,1252.0
826,MARUTI,10282.0,-9173.0,-1129.0,-20.0,Mar 2017,2017,201703,False,False,1109.0
827,MARUTI,11788.0,-8302.0,-3436.0,50.0,Mar 2018,2018,201803,False,False,3486.0
828,MARUTI,6601.0,-3540.0,-2948.0,113.0,Mar 2019,2019,201903,False,False,3061.0
829,MARUTI,3496.0,-557.0,-3104.0,-165.0,Mar 2020,2020,202003,False,False,2939.0
830,MARUTI,8856.0,-7291.0,-1545.0,20.0,Mar 2021,2021,202103,False,False,1565.0
831,MARUTI,1840.0,-239.0,-1607.0,-6.0,Mar 2022,2022,202203,False,False,1601.0
832,MARUTI,10815.0,-8820.0,-1214.0,780.0,Mar 2023,2023,202303,False,False,1995.0
833,MARUTI,16801.0,-11865.0,-4062.0,874.0,Mar 2024,2024,202403,False,False,4936.0
834,MOTHERSON,1486.0,-1089.0,-256.0,142.0,Mar 2013,2013,201303,False,False,397.0
835,MOTHERSON,2695.0,-1372.0,-1080.0,243.0,Mar 2014,2014,201403,False,False,1323.0
836,MOTHERSON,3390.0,-2844.0,494.0,1040.0,Mar 2015,2015,201503,False,False,546.0
837,MOTHERSON,2188.0,-1906.0,-263.0,19.0,Mar 2016,2016,201603,False,False,282.0
838,MOTHERSON,3800.0,-6145.0,5518.0,3172.0,Mar 2017,2017,201703,False,False,-2345.0
839,MOTHERSON,3264.0,-3194.0,-2221.0,-2152.0,Mar 2018,2018,201803,False,False,70.0
840,MOTHERSON,4312.0,-3318.0,-225.0,769.0,Mar 2019,2019,201903,False,False,994.0
841,MOTHERSON,6352.0,-2220.0,-2803.0,1329.0,Mar 2020,2020,202003,False,False,4132.0
842,MOTHERSON,5051.0,-1886.0,-2098.0,1068.0,Mar 2021,2021,202103,False,False,3165.0
843,MOTHERSON,2463.0,-2304.0,-1217.0,-1059.0,Mar 2022,2022,202203,False,False,159.0
844,MOTHERSON,4643.0,-2248.0,-2734.0,-339.0,Mar 2023,2023,202303,False,False,2395.0
845,MOTHERSON,7569.0,-6644.0,1281.0,2205.0,Mar 2024,2024,202403,False,False,925.0
846,NAUKRI,75.0,-46.0,-12.0,16.0,Mar 2013,2013,201303,False,False,29.0
847,NAUKRI,81.0,-204.0,130.0,7.0,Mar 2014,2014,201403,False,False,-123.0
848,NAUKRI,51.0,-1051.0,1025.0,25.0,Mar 2015,2015,201503,False,False,-1000.0
849,NAUKRI,78.0,-2.0,-66.0,11.0,Mar 2016,2016,201603,False,False,76.0
850,NAUKRI,213.0,-165.0,-42.0,7.0,Mar 2017,2017,201703,False,False,48.0
851,NAUKRI,253.0,-149.0,-75.0,29.0,Mar 2018,2018,201803,False,False,104.0
852,NAUKRI,276.0,-59.0,-78.0,138.0,Mar 2019,2019,201903,False,False,217.0
853,NAUKRI,350.0,97.0,-143.0,304.0,Mar 2020,2020,202003,False,False,447.0
854,NAUKRI,276.0,-2043.0,1880.0,113.0,Mar 2021,2021,202103,False,False,-1767.0
855,NAUKRI,707.0,-1177.0,35.0,-435.0,Mar 2022,2022,202203,False,False,-470.0
856,NAUKRI,512.0,-358.0,2.0,156.0,Mar 2023,2023,202303,False,False,154.0
857,NAUKRI,702.0,-852.0,120.0,-29.0,Mar 2024,2024,202403,False,False,-150.0
858,NESTLEIND,1796.0,-441.0,-580.0,775.0,Dec 2013,2014,201312,False,False,1355.0
859,NESTLEIND,1644.0,-432.0,-1635.0,-423.0,Dec 2014,2015,201412,False,False,1212.0
860,NESTLEIND,1098.0,-70.0,-498.0,529.0,Dec 2015,2016,201512,False,False,1028.0
861,NESTLEIND,1466.0,-126.0,-666.0,674.0,Dec 2016,2017,201612,False,False,1340.0
862,NESTLEIND,1818.0,-131.0,-997.0,691.0,Dec 2017,2018,201712,False,False,1687.0
863,NESTLEIND,2052.0,-52.0,-1317.0,683.0,Dec 2018,2019,201812,False,False,2000.0
864,NESTLEIND,2295.0,83.0,-3602.0,-1223.0,Dec 2019,2020,201912,False,False,2378.0
865,NESTLEIND,2454.0,-321.0,-1956.0,177.0,Dec 2020,2021,202012,False,False,2133.0
866,NESTLEIND,2236.0,-1920.0,-2020.0,-1704.0,Dec 2021,2022,202112,False,False,316.0
867,NESTLEIND,2737.0,-392.0,-2123.0,223.0,Dec 2022,2023,202212,False,False,2345.0
868,NESTLEIND,3392.0,-927.0,-2436.0,29.0,Dec 2023,2024,202312,False,False,2465.0
869,NESTLEIND,4175.0,-1237.0,-3135.0,-198.0,Mar 2024,2024,202403,False,False,2938.0
870,NHPC,2846.0,-1330.0,-1344.0,172.0,Mar 2013,2013,201303,False,False,1516.0
871,NHPC,3824.0,-1122.0,-4536.0,-1834.0,Mar 2014,2014,201403,False,False,2702.0
872,NHPC,4061.0,-768.0,-2494.0,798.0,Mar 2015,2015,201503,False,False,3293.0
873,NHPC,5971.0,-746.0,-4000.0,1224.0,Mar 2016,2016,201603,False,False,5225.0
874,NHPC,8329.0,-1864.0,-7812.0,-1347.0,Mar 2017,2017,201703,False,False,6465.0
875,NHPC,4696.0,-886.0,-3863.0,-53.0,Mar 2018,2018,201803,False,False,3810.0
876,NHPC,3824.0,-1182.0,-2637.0,5.0,Mar 2019,2019,201903,False,False,2642.0
877,NHPC,2993.0,-2987.0,12.0,17.0,Mar 2020,2020,202003,False,False,6.0
878,NHPC,5070.0,-1607.0,-3058.0,405.0,Mar 2021,2021,202103,False,False,3463.0
879,NHPC,4590.0,-3084.0,-638.0,867.0,Mar 2022,2022,202203,False,False,1506.0
880,NHPC,4705.0,-4191.0,-795.0,-281.0,Mar 2023,2023,202303,False,False,514.0
881,NHPC,6938.0,-5968.0,-581.0,388.0,Mar 2024,2024,202403,False,False,970.0
882,NTPC,16508.0,-16845.0,988.0,651.0,Mar 2013,2013,201303,False,False,-337.0
883,NTPC,16531.0,-15509.0,-2709.0,-1687.0,Mar 2014,2014,201403,False,False,1022.0
884,NTPC,14889.0,-15977.0,-1474.0,-2563.0,Mar 2015,2015,201503,False,False,-1088.0
885,NTPC,24125.0,-19162.0,-3899.0,1064.0,Mar 2016,2016,201603,False,False,4963.0
886,NTPC,20167.0,-24480.0,3138.0,-1176.0,Mar 2017,2017,201703,False,False,-4313.0
887,NTPC,19670.0,-20678.0,1028.0,19.0,Mar 2018,2018,201803,False,False,-1008.0
888,NTPC,18686.0,-24063.0,4927.0,-451.0,Mar 2019,2019,201903,False,False,-5377.0
889,NTPC,23890.0,-29628.0,6004.0,266.0,Mar 2020,2020,202003,False,False,-5738.0
890,NTPC,32444.0,-21034.0,-11049.0,360.0,Mar 2021,2021,202103,False,False,11410.0
891,NTPC,41788.0,-22891.0,-19172.0,-274.0,Mar 2022,2022,202203,False,False,18897.0
892,NTPC,47152.0,-26145.0,-21217.0,-210.0,Mar 2023,2023,202303,False,False,21007.0
893,NTPC,40785.0,-32141.0,-8246.0,398.0,Mar 2024,2024,202403,False,False,8644.0
894,ONGC,39874.0,-41220.0,-6927.0,-8273.0,Mar 2013,2013,201303,False,False,-1346.0
895,ONGC,53270.0,-63633.0,15225.0,4862.0,Mar 2014,2014,201403,False,False,-10363.0
896,ONGC,33950.0,-30058.0,-10641.0,-6749.0,Mar 2015,2015,201503,False,False,3892.0
897,ONGC,46292.0,-38256.0,-8972.0,-935.0,Mar 2016,2016,201603,False,False,8036.0
898,ONGC,45780.0,-43815.0,-1867.0,99.0,Mar 2017,2017,201703,False,False,1965.0
899,ONGC,56792.0,-66798.0,9909.0,-97.0,Mar 2018,2018,201803,False,False,-10006.0
900,ONGC,61458.0,-37132.0,-23324.0,1001.0,Mar 2019,2019,201903,False,False,24326.0
901,ONGC,70593.0,-53159.0,-16726.0,708.0,Mar 2020,2020,202003,False,False,17434.0
902,ONGC,47185.0,-39141.0,-8239.0,-195.0,Mar 2021,2021,202103,False,False,8044.0
903,ONGC,78248.0,-41197.0,-35790.0,1261.0,Mar 2022,2022,202203,False,False,37051.0
904,ONGC,86062.0,-74690.0,-12876.0,-1504.0,Mar 2023,2023,202303,False,False,11372.0
905,ONGC,99263.0,-57203.0,-45650.0,-3591.0,Mar 2024,2024,202403,False,False,42060.0
906,PFC,-25102.0,22.0,27947.0,2868.0,Mar 2013,2013,201303,False,False,-25080.0
907,PFC,-22473.0,9.0,17671.0,-4793.0,Mar 2014,2014,201403,False,False,-22464.0
908,PFC,-21455.0,-491.0,26916.0,4970.0,Mar 2015,2015,201503,False,False,-21946.0
909,PFC,-13298.0,-1973.0,10383.0,-4888.0,Mar 2016,2016,201603,False,False,-15271.0
910,PFC,1795.0,-667.0,1950.0,3079.0,Mar 2017,2017,201703,False,False,1128.0
911,PFC,-57148.0,1409.0,52018.0,-3720.0,Mar 2018,2018,201803,False,False,-55739.0
912,PFC,-80252.0,-13463.0,93616.0,-98.0,Mar 2019,2019,201903,False,False,-93715.0
913,PFC,-42148.0,-73.0,43399.0,1179.0,Mar 2020,2020,202003,False,False,-42221.0
914,PFC,-59143.0,1741.0,60424.0,3023.0,Mar 2021,2021,202103,False,False,-57402.0
915,PFC,4904.0,-547.0,-8371.0,-4014.0,Mar 2022,2022,202203,False,False,4357.0
916,PFC,-74717.0,-1694.0,75537.0,-874.0,Mar 2023,2023,202303,False,False,-76411.0
917,PFC,-97820.0,-3409.0,101261.0,32.0,Mar 2024,2024,202403,False,False,-101229.0
918,PIDILITIND,472.0,-144.0,-339.0,-12.0,Mar 2013,2013,201303,False,False,328.0
919,PIDILITIND,394.0,-99.0,-242.0,54.0,Mar 2014,2014,201403,False,False,295.0
920,PIDILITIND,552.0,-436.0,-165.0,-49.0,Mar 2015,2015,201503,False,False,116.0
921,PIDILITIND,907.0,-491.0,-371.0,45.0,Mar 2016,2016,201603,False,False,416.0
922,PIDILITIND,794.0,-879.0,41.0,-45.0,Mar 2017,2017,201703,False,False,-85.0
923,PIDILITIND,796.0,39.0,-790.0,46.0,Mar 2018,2018,201803,False,False,835.0
924,PIDILITIND,845.0,-513.0,-361.0,-29.0,Mar 2019,2019,201903,False,False,332.0
925,PIDILITIND,1280.0,103.0,-849.0,533.0,Mar 2020,2020,202003,False,False,1383.0
926,PIDILITIND,1392.0,-1688.0,-76.0,-372.0,Mar 2021,2021,202103,False,False,-296.0
927,PIDILITIND,955.0,-558.0,-468.0,-71.0,Mar 2022,2022,202203,False,False,397.0
928,PIDILITIND,1558.0,-899.0,-656.0,2.0,Mar 2023,2023,202303,False,False,659.0
929,PIDILITIND,2724.0,-1769.0,-742.0,212.0,Mar 2024,2024,202403,False,False,955.0
930,PNB,-692.0,-600.0,-694.0,-1987.0,Mar 2013,2013,201303,False,False,-1292.0
931,PNB,16906.0,-302.0,2129.0,18733.0,Mar 2014,2014,201403,False,False,16604.0
932,PNB,4814.0,-872.0,7451.0,11393.0,Mar 2015,2015,201503,False,False,3942.0
933,PNB,14167.0,-1352.0,5975.0,18790.0,Mar 2016,2016,201603,False,False,12815.0
934,PNB,21938.0,159.0,-9767.0,12330.0,Mar 2017,2017,201703,False,False,22097.0
935,PNB,-1742.0,392.0,7460.0,6109.0,Mar 2018,2018,201803,False,False,-1350.0
936,PNB,-33532.0,-629.0,13969.0,-20192.0,Mar 2019,2019,201903,False,False,-34161.0
937,PNB,-12793.0,-338.0,13591.0,460.0,Mar 2020,2020,202003,False,False,-13131.0
938,PNB,30950.0,-787.0,5415.0,35579.0,Mar 2021,2021,202103,False,False,30163.0
939,PNB,20032.0,-1204.0,2032.0,20859.0,Mar 2022,2022,202203,False,False,18828.0
940,PNB,22592.0,-732.0,1275.0,23135.0,Mar 2023,2023,202303,False,False,21860.0
941,PNB,-27939.0,-1506.0,3518.0,-25928.0,Mar 2024,2024,202403,False,False,-29445.0
942,POWERGRID,11690.0,-22084.0,9962.0,-432.0,Mar 2013,2013,201303,False,False,-10394.0
943,POWERGRID,15223.0,-26639.0,13712.0,2295.0,Mar 2014,2014,201403,False,False,-11416.0
944,POWERGRID,15800.0,-24185.0,6399.0,-1986.0,Mar 2015,2015,201503,False,False,-8385.0
945,POWERGRID,15008.0,-21576.0,5621.0,-948.0,Mar 2016,2016,201603,False,False,-6568.0
946,POWERGRID,21575.0,-23836.0,3959.0,1698.0,Mar 2017,2017,201703,False,False,-2261.0
947,POWERGRID,22710.0,-25701.0,1285.0,-1707.0,Mar 2018,2018,201803,False,False,-2991.0
948,POWERGRID,23271.0,-18727.0,-2431.0,2113.0,Mar 2019,2019,201903,False,False,4544.0
949,POWERGRID,30739.0,-10733.0,-18806.0,1199.0,Mar 2020,2020,202003,False,False,20006.0
950,POWERGRID,29403.0,-9244.0,-20521.0,-362.0,Mar 2021,2021,202103,False,False,20159.0
951,POWERGRID,26124.0,753.0,-28967.0,-2091.0,Mar 2022,2022,202203,False,False,26877.0
952,POWERGRID,40203.0,-7138.0,-30450.0,2615.0,Mar 2023,2023,202303,False,False,33065.0
953,POWERGRID,37290.0,-13114.0,-25903.0,-1728.0,Mar 2024,2024,202403,False,False,24176.0
954,RECLTD,-20059.0,152.0,16059.0,-3847.0,Mar 2013,2013,201303,False,False,-19907.0
955,RECLTD,-17244.0,136.0,16815.0,-293.0,Mar 2014,2014,201403,False,False,-17108.0
956,RECLTD,-23898.0,151.0,23098.0,-649.0,Mar 2015,2015,201503,False,False,-23747.0
957,RECLTD,-13278.0,-756.0,15291.0,1257.0,Mar 2016,2016,201603,False,False,-14034.0
958,RECLTD,6805.0,-101.0,-3947.0,2757.0,Mar 2017,2017,201703,False,False,6704.0
959,RECLTD,-32510.0,46.0,28244.0,-4220.0,Mar 2018,2018,201803,False,False,-32464.0
960,RECLTD,-35866.0,457.0,35543.0,134.0,Mar 2019,2019,201903,False,False,-35409.0
961,RECLTD,-32712.0,121.0,33926.0,1336.0,Mar 2020,2020,202003,False,False,-32591.0
962,RECLTD,-43512.0,861.0,42113.0,-538.0,Mar 2021,2021,202103,False,False,-42651.0
963,RECLTD,-819.0,-287.0,68.0,-1038.0,Mar 2022,2022,202203,False,False,-1106.0
964,RECLTD,-37360.0,-943.0,38123.0,-180.0,Mar 2023,2023,202303,False,False,-38303.0
965,RECLTD,-57723.0,-1831.0,59588.0,34.0,Mar 2024,2024,202403,False,False,-59554.0
966,RELIANCE,36918.0,-27601.0,408.0,9725.0,Mar 2013,2013,201303,False,False,9317.0
967,RELIANCE,43261.0,-73070.0,13713.0,-16096.0,Mar 2014,2014,201403,False,False,-29809.0
968,RELIANCE,34374.0,-64706.0,8444.0,-21888.0,Mar 2015,2015,201503,False,False,-30332.0
969,RELIANCE,38134.0,-36186.0,-3210.0,-1262.0,Mar 2016,2016,201603,False,False,1948.0
970,RELIANCE,49550.0,-66201.0,8617.0,-8034.0,Mar 2017,2017,201703,False,False,-16651.0
971,RELIANCE,71459.0,-68192.0,-2001.0,1266.0,Mar 2018,2018,201803,False,False,3267.0
972,RELIANCE,42346.0,-94507.0,55906.0,3745.0,Mar 2019,2019,201903,False,False,-52161.0
973,RELIANCE,94877.0,-72497.0,-2541.0,19839.0,Mar 2020,2020,202003,False,False,22380.0
974,RELIANCE,26958.0,-142385.0,101904.0,-13523.0,Mar 2021,2021,202103,False,False,-115427.0
975,RELIANCE,110654.0,-109162.0,17289.0,18781.0,Mar 2022,2022,202203,False,False,1492.0
976,RELIANCE,115032.0,-93001.0,10455.0,32486.0,Mar 2023,2023,202303,False,False,22031.0
977,RELIANCE,158788.0,-113581.0,-16646.0,28561.0,Mar 2024,2024,202403,False,False,45207.0
978,SBILIFE,1130.0,-227.0,-58.0,845.0,Mar 2013,2013,201303,False,False,903.0
979,SBILIFE,166.0,-708.0,-58.0,-600.0,Mar 2014,2014,201403,False,False,-542.0
980,SBILIFE,2711.0,-178.0,-117.0,2416.0,Mar 2015,2015,201503,False,False,2533.0
981,SBILIFE,5778.0,-7204.0,-144.0,-1570.0,Mar 2016,2016,201603,False,False,-1426.0
982,SBILIFE,8525.0,-9032.0,-144.0,-651.0,Mar 2017,2017,201703,False,False,-507.0
983,SBILIFE,10395.0,-8910.0,-221.0,1264.0,Mar 2018,2018,201803,False,False,1485.0
984,SBILIFE,13473.0,-13552.0,-241.0,-321.0,Mar 2019,2019,201903,False,False,-79.0
985,SBILIFE,19299.0,-16986.0,-198.0,2114.0,Mar 2020,2020,202003,False,False,2313.0
986,SBILIFE,23878.0,-19203.0,3.0,4677.0,Mar 2021,2021,202103,False,False,4675.0
987,SBILIFE,21852.0,-21611.0,-231.0,10.0,Mar 2022,2022,202203,False,False,241.0
988,SBILIFE,28656.0,-30203.0,-415.0,-1962.0,Mar 2023,2023,202303,False,False,-1547.0
989,SBILIFE,29122.0,-31221.0,-227.0,-2327.0,Mar 2024,2024,202403,False,False,-2099.0
990,SBIN,24332.0,-2271.0,-4424.0,17637.0,Mar 2013,2013,201303,False,False,22061.0
991,SBIN,19142.0,-791.0,3583.0,21934.0,Mar 2014,2014,201403,False,False,18351.0
992,SBIN,26297.0,-3424.0,-1553.0,21320.0,Mar 2015,2015,201503,False,False,22873.0
993,SBIN,14477.0,-2747.0,4348.0,16078.0,Mar 2016,2016,201603,False,False,11730.0
994,SBIN,77406.0,-4572.0,-4196.0,68638.0,Mar 2017,2017,201703,False,False,72834.0
995,SBIN,-96508.0,13053.0,5547.0,-77908.0,Mar 2018,2018,201803,False,False,-83455.0
996,SBIN,29556.0,220.0,448.0,30223.0,Mar 2019,2019,201903,False,False,29776.0
997,SBIN,23929.0,-555.0,5430.0,28803.0,Mar 2020,2020,202003,False,False,23374.0
998,SBIN,89919.0,-3670.0,7143.0,93392.0,Mar 2021,2021,202103,False,False,86249.0
999,SBIN,57695.0,-2652.0,-3845.0,51198.0,Mar 2022,2022,202203,False,False,55043.0
1000,SBIN,-86014.0,-966.0,6386.0,-80593.0,Mar 2023,2023,202303,False,False,-86980.0
1001,SBIN,21632.0,-3476.0,-9896.0,8260.0,Mar 2024,2024,202403,False,False,18156.0
1002,SHREECEM,1260.0,-270.0,-982.0,8.0,Jun 2013,2014,201306,False,False,990.0
1003,SHREECEM,1401.0,-1234.0,-156.0,11.0,Jun 2014,2015,201406,False,False,167.0
1004,SHREECEM,1239.0,-990.0,-259.0,-10.0,Jun 2015,2016,201506,False,False,249.0
1005,SHREECEM,1566.0,-1265.0,-271.0,31.0,Mar 2016,2016,201603,False,False,301.0
1006,SHREECEM,2202.0,-2048.0,-167.0,-13.0,Mar 2017,2017,201703,False,False,154.0
1007,SHREECEM,1879.0,-3595.0,1726.0,10.0,Mar 2018,2018,201803,False,False,-1716.0
1008,SHREECEM,2080.0,-720.0,-1276.0,84.0,Mar 2019,2019,201903,False,False,1360.0
1009,SHREECEM,3973.0,-5590.0,1581.0,-36.0,Mar 2020,2020,202003,False,False,-1617.0
1010,SHREECEM,4254.0,-2651.0,-1233.0,370.0,Mar 2021,2021,202103,False,False,1603.0
1011,SHREECEM,2668.0,-2143.0,-849.0,-324.0,Mar 2022,2022,202203,False,False,525.0
1012,SHREECEM,2569.0,-2405.0,-277.0,-113.0,Mar 2023,2023,202303,False,False,164.0
1013,SHREECEM,3347.0,-1418.0,-1710.0,220.0,Mar 2024,2024,202403,False,False,1929.0
1014,SHRIRAMFIN,-8359.0,-41.0,9060.0,661.0,Mar 2013,2013,201303,False,False,-8400.0
1015,SHRIRAMFIN,-4055.0,-112.0,5010.0,843.0,Mar 2014,2014,201403,False,False,-4167.0
1016,SHRIRAMFIN,-9611.0,-45.0,7836.0,-1819.0,Mar 2015,2015,201503,False,False,-9656.0
1017,SHRIRAMFIN,-5507.0,-36.0,2822.0,-2721.0,Mar 2016,2016,201603,False,False,-5543.0
1018,SHRIRAMFIN,-2677.0,-2.0,3017.0,338.0,Mar 2017,2017,201703,False,False,-2679.0
1019,SHRIRAMFIN,-13142.0,86.0,13014.0,-42.0,Mar 2018,2018,201803,False,False,-13056.0
1020,SHRIRAMFIN,-5535.0,-76.0,5550.0,-62.0,Mar 2019,2019,201903,False,False,-5611.0
1021,SHRIRAMFIN,-2464.0,-55.0,4579.0,2060.0,Mar 2020,2020,202003,False,False,-2519.0
1022,SHRIRAMFIN,-4239.0,-25.0,12226.0,7962.0,Mar 2021,2021,202103,False,False,-4264.0
1023,SHRIRAMFIN,-8859.0,-34.0,8505.0,-388.0,Mar 2022,2022,202203,False,False,-8893.0
1024,SHRIRAMFIN,-17625.0,5076.0,11820.0,-730.0,Mar 2023,2023,202303,False,False,-12549.0
1025,SHRIRAMFIN,-31101.0,-258.0,27609.0,-3750.0,Mar 2024,2024,202403,False,False,-31359.0
1026,SIEMENS,3.0,264.0,-196.0,70.0,Sep 2011,2012,201109,False,False,267.0
1027,SIEMENS,608.0,130.0,-220.0,517.0,Sep 2014,2015,201409,False,False,738.0
1028,SIEMENS,574.0,646.0,-245.0,975.0,Sep 2015,2016,201509,False,False,1220.0
1029,SIEMENS,513.0,237.0,-1614.0,-864.0,Sep 2016,2017,201609,False,False,750.0
1030,SIEMENS,573.0,1321.0,-285.0,1610.0,Sep 2017,2018,201709,False,False,1894.0
1031,SIEMENS,100.0,-174.0,-305.0,-379.0,Sep 2018,2019,201809,False,False,-74.0
1032,SIEMENS,1273.0,-1135.0,-312.0,-174.0,Sep 2019,2020,201909,False,False,138.0
1033,SIEMENS,720.0,871.0,-386.0,1205.0,Sep 2020,2021,202009,False,False,1591.0
1034,SIEMENS,1422.0,-2389.0,-502.0,-1469.0,Sep 2021,2022,202109,False,False,-967.0
1035,SIEMENS,978.0,-34.0,-392.0,552.0,Sep 2022,2023,202209,False,False,944.0
1036,SIEMENS,1400.0,-759.0,-450.0,191.0,Sep 2023,2024,202309,False,False,641.0
1037,SIEMENS,1670.0,-502.0,-523.0,644.0,Sep 2024,2025,202409,False,False,1168.0
1038,SUNPHARMA,3357.0,-2375.0,-665.0,316.0,Mar 2013,2013,201303,False,False,982.0
1039,SUNPHARMA,3959.0,-2176.0,507.0,2290.0,Mar 2014,2014,201403,False,False,1783.0
1040,SUNPHARMA,5616.0,-1502.0,-1187.0,2927.0,Mar 2015,2015,201503,False,False,4114.0
1041,SUNPHARMA,6686.0,-3949.0,-1889.0,848.0,Mar 2016,2016,201603,False,False,2737.0
1042,SUNPHARMA,7082.0,-4186.0,-2285.0,611.0,Mar 2017,2017,201703,False,False,2896.0
1043,SUNPHARMA,3907.0,-3104.0,-1539.0,-736.0,Mar 2018,2018,201803,False,False,803.0
1044,SUNPHARMA,2196.0,-310.0,-2731.0,-844.0,Mar 2019,2019,201903,False,False,1886.0
1045,SUNPHARMA,6555.0,-2225.0,-5715.0,-1386.0,Mar 2020,2020,202003,False,False,4330.0
1046,SUNPHARMA,6170.0,407.0,-5980.0,596.0,Mar 2021,2021,202103,False,False,6577.0
1047,SUNPHARMA,8985.0,-5556.0,-5193.0,-1765.0,Mar 2022,2022,202203,False,False,3429.0
1048,SUNPHARMA,4959.0,-7220.0,2376.0,115.0,Mar 2023,2023,202303,False,False,-2261.0
1049,SUNPHARMA,12135.0,-763.0,-6710.0,4662.0,Mar 2024,2024,202403,False,False,11372.0
1050,TATACONSUM,173.0,24.0,186.0,383.0,Mar 2013,2013,201303,False,False,197.0
1051,TATACONSUM,422.0,-1.0,-363.0,57.0,Mar 2014,2014,201403,False,False,421.0
1052,TATACONSUM,418.0,-207.0,-392.0,-182.0,Mar 2015,2015,201503,False,False,211.0
1053,TATACONSUM,116.0,145.0,-282.0,-21.0,Mar 2016,2016,201603,False,False,261.0
1054,TATACONSUM,741.0,145.0,-816.0,70.0,Mar 2017,2017,201703,False,False,886.0
1055,TATACONSUM,356.0,-31.0,-30.0,294.0,Mar 2018,2018,201803,False,False,325.0
1056,TATACONSUM,210.0,53.0,-224.0,39.0,Mar 2019,2019,201903,False,False,263.0
1057,TATACONSUM,1082.0,-622.0,-308.0,152.0,Mar 2020,2020,202003,False,False,460.0
1058,TATACONSUM,1656.0,-346.0,-426.0,884.0,Mar 2021,2021,202103,False,False,1310.0
1059,TATACONSUM,1516.0,-1317.0,-995.0,-796.0,Mar 2022,2022,202203,False,False,199.0
1060,TATACONSUM,1461.0,-834.0,-714.0,-87.0,Mar 2023,2023,202303,False,False,627.0
1061,TATACONSUM,1937.0,-1911.0,256.0,281.0,Mar 2024,2024,202403,False,False,26.0
1062,TATAMOTORS,22163.0,-22969.0,-1692.0,-2499.0,Mar 2013,2013,201303,False,False,-806.0
1063,TATAMOTORS,36151.0,-27991.0,-3883.0,4277.0,Mar 2014,2014,201403,False,False,8160.0
1064,TATAMOTORS,35531.0,-36232.0,5201.0,4500.0,Mar 2015,2015,201503,False,False,-701.0
1065,TATAMOTORS,37900.0,-36694.0,-3795.0,-2589.0,Mar 2016,2016,201603,False,False,1206.0
1066,TATAMOTORS,30199.0,-39571.0,6205.0,-3167.0,Mar 2017,2017,201703,False,False,-9372.0
1067,TATAMOTORS,23857.0,-25139.0,2012.0,730.0,Mar 2018,2018,201803,False,False,-1282.0
1068,TATAMOTORS,18891.0,-20878.0,8830.0,6843.0,Mar 2019,2019,201903,False,False,-1987.0
1069,TATAMOTORS,26633.0,-33115.0,3390.0,-3092.0,Mar 2020,2020,202003,False,False,-6482.0
1070,TATAMOTORS,29001.0,-25672.0,9904.0,13232.0,Mar 2021,2021,202103,False,False,3329.0
1071,TATAMOTORS,14283.0,-4444.0,-3380.0,6459.0,Mar 2022,2022,202203,False,False,9839.0
1072,TATAMOTORS,35388.0,-15417.0,-26243.0,-6272.0,Mar 2023,2023,202303,False,False,19971.0
1073,TATAMOTORS,67915.0,-22782.0,-37006.0,8128.0,Mar 2024,2024,202403,False,False,45133.0
1074,TATAPOWER,3286.0,-4026.0,-593.0,-1333.0,Mar 2013,2013,201303,False,False,-740.0
1075,TATAPOWER,6483.0,-3609.0,-3265.0,-392.0,Mar 2014,2014,201403,False,False,2874.0
1076,TATAPOWER,5981.0,-3865.0,-2239.0,-123.0,Mar 2015,2015,201503,False,False,2116.0
1077,TATAPOWER,7415.0,-1805.0,-6183.0,-574.0,Mar 2016,2016,201603,False,False,5610.0
1078,TATAPOWER,7014.0,-7373.0,937.0,579.0,Mar 2017,2017,201703,False,False,-359.0
1079,TATAPOWER,6364.0,-1512.0,-4726.0,126.0,Mar 2018,2018,201803,False,False,4852.0
1080,TATAPOWER,4574.0,-272.0,-5184.0,-883.0,Mar 2019,2019,201903,False,False,4302.0
1081,TATAPOWER,7375.0,-493.0,-5110.0,1773.0,Mar 2020,2020,202003,False,False,6882.0
1082,TATAPOWER,8345.0,993.0,-7603.0,1736.0,Mar 2021,2021,202103,False,False,9338.0
1083,TATAPOWER,6693.0,-6250.0,-1183.0,-741.0,Mar 2022,2022,202203,False,False,443.0
1084,TATAPOWER,7166.0,-7263.0,1341.0,1243.0,Mar 2023,2023,202303,False,False,-97.0
1085,TATAPOWER,12596.0,-9027.0,-4497.0,-928.0,Mar 2024,2024,202403,False,False,3569.0
1086,TATASTEEL,14035.0,-13099.0,-1780.0,-844.0,Mar 2013,2013,201303,False,False,936.0
1087,TATASTEEL,13146.0,-15378.0,1015.0,-1218.0,Mar 2014,2014,201403,False,False,-2232.0
1088,TATASTEEL,11880.0,-9021.0,-2617.0,241.0,Mar 2015,2015,201503,False,False,2859.0
1089,TATASTEEL,11455.0,-8794.0,-4729.0,-2068.0,Mar 2016,2016,201603,False,False,2661.0
1090,TATASTEEL,10824.0,-9490.0,-2579.0,-1245.0,Mar 2017,2017,201703,False,False,1334.0
1091,TATASTEEL,8023.0,-11730.0,6640.0,2933.0,Mar 2018,2018,201803,False,False,-3707.0
1092,TATASTEEL,25336.0,-29176.0,-673.0,-4513.0,Mar 2019,2019,201903,False,False,-3840.0
1093,TATASTEEL,20169.0,-14012.0,-1695.0,4462.0,Mar 2020,2020,202003,False,False,6157.0
1094,TATASTEEL,44327.0,-9437.0,-37090.0,-2200.0,Mar 2021,2021,202103,False,False,34890.0
1095,TATASTEEL,44381.0,-10905.0,-23401.0,10075.0,Mar 2022,2022,202203,False,False,33476.0
1096,TATASTEEL,21683.0,-18179.0,-6981.0,-3477.0,Mar 2023,2023,202303,False,False,3504.0
1097,TATASTEEL,20301.0,-14253.0,-11097.0,-5049.0,Mar 2024,2024,202403,False,False,6048.0
1098,TCS,11615.0,-6038.0,-5729.0,-152.0,Mar 2013,2013,201303,False,False,5577.0
1099,TCS,14751.0,-9452.0,-5673.0,-374.0,Mar 2014,2014,201403,False,False,5299.0
1100,TCS,19369.0,-1807.0,-17168.0,394.0,Mar 2015,2015,201503,False,False,17562.0
1101,TCS,19109.0,-5010.0,-9666.0,4433.0,Mar 2016,2016,201603,False,False,14099.0
1102,TCS,25223.0,-16895.0,-11026.0,-2698.0,Mar 2017,2017,201703,False,False,8328.0
1103,TCS,25067.0,3104.0,-26885.0,1286.0,Mar 2018,2018,201803,False,False,28171.0
1104,TCS,28593.0,1645.0,-27897.0,2341.0,Mar 2019,2019,201903,False,False,30238.0
1105,TCS,32369.0,8968.0,-39915.0,1422.0,Mar 2020,2020,202003,False,False,41337.0
1106,TCS,38802.0,-7956.0,-32634.0,-1788.0,Mar 2021,2021,202103,False,False,30846.0
1107,TCS,39949.0,-738.0,-33581.0,5630.0,Mar 2022,2022,202203,False,False,39211.0
1108,TCS,41965.0,548.0,-47878.0,-5365.0,Mar 2023,2023,202303,False,False,42513.0
1109,TCS,44338.0,6091.0,-48536.0,1893.0,Mar 2024,2024,202403,False,False,50429.0
1110,TECHM,855.0,-622.0,65.0,298.0,Mar 2013,2013,201303,False,False,233.0
1111,TECHM,1596.0,291.0,-972.0,915.0,Mar 2014,2014,201403,False,False,1887.0
1112,TECHM,2448.0,-1865.0,-829.0,-246.0,Mar 2015,2015,201503,False,False,583.0
1113,TECHM,3137.0,-1453.0,-496.0,1188.0,Mar 2016,2016,201603,False,False,1684.0
1114,TECHM,4071.0,-2893.0,-1571.0,-392.0,Mar 2017,2017,201703,False,False,1178.0
1115,TECHM,3554.0,-3319.0,-269.0,-35.0,Mar 2018,2018,201803,False,False,235.0
1116,TECHM,4432.0,-2104.0,-2251.0,77.0,Mar 2019,2019,201903,False,False,2328.0
1117,TECHM,4358.0,1081.0,-4466.0,974.0,Mar 2020,2020,202003,False,False,5439.0
1118,TECHM,8094.0,-5433.0,-2987.0,-326.0,Mar 2021,2021,202103,False,False,2661.0
1119,TECHM,5285.0,480.0,-4667.0,1098.0,Mar 2022,2022,202203,False,False,5765.0
1120,TECHM,5572.0,-226.0,-5078.0,267.0,Mar 2023,2023,202303,False,False,5346.0
1121,TECHM,6376.0,-1318.0,-4767.0,291.0,Mar 2024,2024,202403,False,False,5058.0
1122,TITAN,553.0,-142.0,-236.0,176.0,Mar 2013,2013,201303,False,False,411.0
1123,TITAN,-555.0,-271.0,497.0,-329.0,Mar 2014,2014,201403,False,False,-826.0
1124,TITAN,503.0,-118.0,-1005.0,-620.0,Mar 2015,2015,201503,False,False,385.0
1125,TITAN,576.0,-159.0,-505.0,-88.0,Mar 2016,2016,201603,False,False,417.0
1126,TITAN,1712.0,-953.0,-166.0,594.0,Mar 2017,2017,201703,False,False,759.0
1127,TITAN,-51.0,98.0,-252.0,-206.0,Mar 2018,2018,201803,False,False,47.0
1128,TITAN,1243.0,-797.0,-489.0,-43.0,Mar 2019,2019,201903,False,False,446.0
1129,TITAN,-348.0,235.0,-242.0,-355.0,Mar 2020,2020,202003,False,False,-113.0
1130,TITAN,4139.0,-2799.0,-1234.0,106.0,Mar 2021,2021,202103,False,False,1340.0
1131,TITAN,-724.0,1165.0,-403.0,38.0,Mar 2022,2022,202203,False,False,441.0
1132,TITAN,1370.0,-1814.0,457.0,13.0,Mar 2023,2023,202303,False,False,-444.0
1133,TITAN,1695.0,-189.0,-1329.0,177.0,Mar 2024,2024,202403,False,False,1506.0
1134,TORNTPHARM,153.0,-247.0,20.0,-73.0,Mar 2013,2013,201303,False,False,-94.0
1135,TORNTPHARM,599.0,-418.0,86.0,268.0,Mar 2014,2014,201403,False,False,181.0
1136,TORNTPHARM,810.0,-2113.0,1212.0,-90.0,Mar 2015,2015,201503,False,False,-1303.0
1137,TORNTPHARM,2742.0,-869.0,-1435.0,437.0,Mar 2016,2016,201603,False,False,1873.0
1138,TORNTPHARM,1009.0,-798.0,-193.0,18.0,Mar 2017,2017,201703,False,False,211.0
1139,TORNTPHARM,894.0,-4677.0,3417.0,-366.0,Mar 2018,2018,201803,False,False,-3783.0
1140,TORNTPHARM,1798.0,-246.0,-1314.0,238.0,Mar 2019,2019,201903,False,False,1552.0
1141,TORNTPHARM,1393.0,229.0,-1549.0,73.0,Mar 2020,2020,202003,False,False,1622.0
1142,TORNTPHARM,2005.0,-444.0,-1651.0,-89.0,Mar 2021,2021,202103,False,False,1561.0
1143,TORNTPHARM,1803.0,-196.0,-1781.0,-174.0,Mar 2022,2022,202203,False,False,1607.0
1144,TORNTPHARM,2368.0,-2335.0,77.0,110.0,Mar 2023,2023,202303,False,False,33.0
1145,TORNTPHARM,3266.0,-160.0,-2780.0,327.0,Mar 2024,2024,202403,False,False,3106.0
1146,TRENT,31.0,-276.0,147.0,-97.0,Mar 2013,2013,201303,False,False,-245.0
1147,TRENT,-46.0,-48.0,-50.0,-145.0,Mar 2014,2014,201403,False,False,-94.0
1148,TRENT,-10.0,-306.0,310.0,-6.0,Mar 2015,2015,201503,False,False,-316.0
1149,TRENT,109.0,-98.0,-13.0,-2.0,Mar 2016,2016,201603,False,False,11.0
1150,TRENT,102.0,-44.0,-51.0,7.0,Mar 2017,2017,201703,False,False,58.0
1151,TRENT,77.0,-4.0,-74.0,-1.0,Mar 2018,2018,201803,False,False,73.0
1152,TRENT,21.0,-37.0,37.0,21.0,Mar 2019,2019,201903,False,False,-16.0
1153,TRENT,361.0,-809.0,452.0,5.0,Mar 2020,2020,202003,False,False,-448.0
1154,TRENT,285.0,18.0,-283.0,20.0,Mar 2021,2021,202103,False,False,303.0
1155,TRENT,58.0,56.0,-108.0,6.0,Mar 2022,2022,202203,False,False,114.0
1156,TRENT,595.0,-103.0,-491.0,1.0,Mar 2023,2023,202303,False,False,492.0
1157,TRENT,1349.0,-508.0,-629.0,211.0,Mar 2024,2024,202403,False,False,841.0
1158,TVSMOTOR,464.0,-120.0,-402.0,-58.0,Mar 2013,2013,201303,False,False,344.0
1159,TVSMOTOR,470.0,-235.0,-216.0,19.0,Mar 2014,2014,201403,False,False,235.0
1160,TVSMOTOR,83.0,-415.0,261.0,-71.0,Mar 2015,2015,201503,False,False,-332.0
1161,TVSMOTOR,936.0,-605.0,-319.0,12.0,Mar 2016,2016,201603,False,False,331.0
1162,TVSMOTOR,689.0,-709.0,-59.0,-79.0,Mar 2017,2017,201703,False,False,-20.0
1163,TVSMOTOR,354.0,-1095.0,897.0,156.0,Mar 2018,2018,201803,False,False,-741.0
1164,TVSMOTOR,-918.0,-1104.0,2210.0,188.0,Mar 2019,2019,201903,False,False,-2022.0
1165,TVSMOTOR,373.0,-1090.0,1619.0,902.0,Mar 2020,2020,202003,False,False,-717.0
1166,TVSMOTOR,1151.0,-882.0,264.0,532.0,Mar 2021,2021,202103,False,False,269.0
1167,TVSMOTOR,-1575.0,-1471.0,2918.0,532.0,Mar 2022,2022,202203,False,False,-3046.0
1168,TVSMOTOR,-4405.0,-1308.0,6118.0,406.0,Mar 2023,2023,202303,False,False,-5713.0
1169,TVSMOTOR,-1253.0,-1001.0,2759.0,505.0,Mar 2024,2024,202403,False,False,-2254.0
1170,ULTRACEMCO,3618.0,-4362.0,715.0,-30.0,Mar 2013,2013,201303,False,False,-744.0
1171,ULTRACEMCO,3455.0,-2342.0,-949.0,164.0,Mar 2014,2014,201403,False,False,1113.0
1172,ULTRACEMCO,4190.0,-2144.0,-2110.0,-63.0,Mar 2015,2015,201503,False,False,2046.0
1173,ULTRACEMCO,4526.0,-3673.0,-844.0,8.0,Mar 2016,2016,201603,False,False,853.0
1174,ULTRACEMCO,5005.0,-2501.0,-2535.0,-31.0,Mar 2017,2017,201703,False,False,2504.0
1175,ULTRACEMCO,3888.0,1866.0,-5735.0,18.0,Mar 2018,2018,201803,False,False,5754.0
1176,ULTRACEMCO,5956.0,1165.0,-6757.0,364.0,Mar 2019,2019,201903,False,False,7121.0
1177,ULTRACEMCO,8972.0,-4192.0,-5076.0,-295.0,Mar 2020,2020,202003,False,False,4780.0
1178,ULTRACEMCO,12500.0,-8856.0,-4356.0,-712.0,Mar 2021,2021,202103,False,False,3644.0
1179,ULTRACEMCO,9283.0,2257.0,-12498.0,-958.0,Mar 2022,2022,202203,False,False,11540.0
1180,ULTRACEMCO,9069.0,-7188.0,-1631.0,250.0,Mar 2023,2023,202303,False,False,1881.0
1181,ULTRACEMCO,10898.0,-8789.0,-1926.0,183.0,Mar 2024,2024,202403,False,False,2109.0
1182,UNIONBANK,-4245.0,-343.0,5096.0,507.0,Mar 2013,2013,201303,False,False,-4588.0
1183,UNIONBANK,2570.0,-363.0,4902.0,7109.0,Mar 2014,2014,201403,False,False,2207.0
1184,UNIONBANK,-3567.0,-318.0,3168.0,-718.0,Mar 2015,2015,201503,False,False,-3885.0
1185,UNIONBANK,81.0,-9.0,-2.0,70.0,Mar 2016,2016,201603,False,False,72.0
1186,UNIONBANK,-6624.0,-280.0,10194.0,3289.0,Mar 2017,2017,201703,False,False,-6904.0
1187,UNIONBANK,6097.0,-315.0,10792.0,16574.0,Mar 2018,2018,201803,False,False,5782.0
1188,UNIONBANK,-7778.0,-297.0,1758.0,-6317.0,Mar 2019,2019,201903,False,False,-8075.0
1189,UNIONBANK,-77.0,-4.0,201.0,121.0,Mar 2020,2020,202003,False,False,-81.0
1190,UNIONBANK,20527.0,-601.0,-18861.0,1066.0,Mar 2021,2021,202103,False,False,19926.0
1191,UNIONBANK,36339.0,-558.0,-786.0,34995.0,Mar 2022,2022,202203,False,False,35781.0
1192,UNIONBANK,6056.0,-2561.0,-10654.0,-7159.0,Mar 2023,2023,202303,False,False,3495.0
1193,UNIONBANK,19930.0,-1394.0,-11489.0,7047.0,Mar 2024,2024,202403,False,False,18536.0
1194,UNITDSPR,1969.0,-1121.0,-992.0,-145.0,Mar 2013,2013,201303,False,False,848.0
1195,UNITDSPR,-552.0,-252.0,1235.0,431.0,Mar 2014,2014,201403,False,False,-804.0
1196,UNITDSPR,-196.0,3855.0,-4002.0,-343.0,Mar 2015,2015,201503,False,False,3659.0
1197,UNITDSPR,283.0,733.0,-1155.0,-139.0,Mar 2016,2016,201603,False,False,1016.0
1198,UNITDSPR,647.0,-227.0,-475.0,-56.0,Mar 2017,2017,201703,False,False,420.0
1199,UNITDSPR,925.0,104.0,-966.0,63.0,Mar 2018,2018,201803,False,False,1029.0
1200,UNITDSPR,948.0,-66.0,-808.0,74.0,Mar 2019,2019,201903,False,False,882.0
1201,UNITDSPR,783.0,-194.0,-740.0,-150.0,Mar 2020,2020,202003,False,False,589.0
1202,UNITDSPR,1818.0,-99.0,-1707.0,12.0,Mar 2021,2021,202103,False,False,1719.0
1203,UNITDSPR,977.0,-313.0,-688.0,-23.0,Mar 2022,2022,202203,False,False,664.0
1204,UNITDSPR,615.0,-55.0,-500.0,60.0,Mar 2023,2023,202303,False,False,560.0
1205,UNITDSPR,1118.0,226.0,-407.0,937.0,Mar 2024,2024,202403,False,False,1344.0
1206,VBL,280.0,-507.0,229.0,3.0,Dec 2012,2013,201212,False,False,-227.0
1207,VBL,297.0,-574.0,274.0,-2.0,Dec 2013,2014,201312,False,False,-277.0
1208,VBL,431.0,-500.0,58.0,-11.0,Dec 2014,2015,201412,False,False,-69.0
1209,VBL,555.0,-300.0,-236.0,19.0,Dec 2015,2016,201512,False,False,255.0
1210,VBL,826.0,-1048.0,230.0,8.0,Dec 2016,2017,201612,False,False,-222.0
1211,VBL,620.0,-746.0,159.0,32.0,Dec 2017,2018,201712,False,False,-126.0
1212,VBL,1000.0,-937.0,-84.0,-22.0,Dec 2018,2019,201812,False,False,63.0
1213,VBL,1308.0,-2320.0,1107.0,95.0,Dec 2019,2020,201912,False,False,-1012.0
1214,VBL,1012.0,-472.0,-574.0,-33.0,Dec 2020,2021,202012,False,False,540.0
1215,VBL,1231.0,-1008.0,-178.0,46.0,Dec 2021,2022,202112,False,False,223.0
1216,VBL,1790.0,-1769.0,-18.0,4.0,Dec 2022,2023,202212,False,False,21.0
1217,VBL,2391.0,-3288.0,985.0,88.0,Dec 2023,2024,202312,False,False,-897.0
1218,VEDL,22.0,-311.0,238.0,-51.0,Mar 2013,2013,201303,False,False,-289.0
1219,VEDL,15601.0,-2890.0,-5052.0,7659.0,Mar 2014,2014,201403,False,False,12711.0
1220,VEDL,17805.0,-4133.0,-13956.0,-284.0,Mar 2015,2015,201503,False,False,13672.0
1221,VEDL,20377.0,-7868.0,-11303.0,1206.0,Mar 2016,2016,201603,False,False,12509.0
1222,VEDL,18083.0,2681.0,-12425.0,8339.0,Mar 2017,2017,201703,False,False,20764.0
1223,VEDL,17366.0,15480.0,-39255.0,-6409.0,Mar 2018,2018,201803,False,False,32846.0
1224,VEDL,23754.0,-10594.0,-10242.0,2918.0,Mar 2019,2019,201903,False,False,13160.0
1225,VEDL,19300.0,-5925.0,-15547.0,-2172.0,Mar 2020,2020,202003,False,False,13375.0
1226,VEDL,23980.0,-6678.0,-17565.0,-263.0,Mar 2021,2021,202103,False,False,17302.0
1227,VEDL,34963.0,-2243.0,-28903.0,3817.0,Mar 2022,2022,202203,False,False,32720.0
1228,VEDL,33065.0,-668.0,-34142.0,-1745.0,Mar 2023,2023,202303,False,False,32397.0
1229,VEDL,35654.0,-13676.0,-26092.0,-4114.0,Mar 2024,2024,202403,False,False,21978.0
1230,WIPRO,6394.0,-4536.0,-1140.0,717.0,Mar 2013,2013,201303,False,False,1858.0
1231,WIPRO,6790.0,-284.0,-3570.0,2936.0,Mar 2014,2014,201403,False,False,6506.0
1232,WIPRO,7840.0,-2537.0,-830.0,4474.0,Mar 2015,2015,201503,False,False,5303.0
1233,WIPRO,7887.0,-13761.0,-159.0,-6032.0,Mar 2016,2016,201603,False,False,-5874.0
1234,WIPRO,9277.0,-11770.0,-2275.0,-4767.0,Mar 2017,2017,201703,False,False,-2493.0
1235,WIPRO,8423.0,3595.0,-12998.0,-979.0,Mar 2018,2018,201803,False,False,12018.0
1236,WIPRO,11632.0,5065.0,-4937.0,11760.0,Mar 2019,2019,201903,False,False,16697.0
1237,WIPRO,10064.0,3593.0,-15100.0,-1442.0,Mar 2020,2020,202003,False,False,13657.0
1238,WIPRO,14755.0,685.0,-12884.0,2556.0,Mar 2021,2021,202103,False,False,15440.0
1239,WIPRO,11080.0,-22321.0,4659.0,-6583.0,Mar 2022,2022,202203,False,False,-11241.0
1240,WIPRO,13060.0,-8169.0,-6088.0,-1197.0,Mar 2023,2023,202303,False,False,4891.0
1241,WIPRO,17622.0,1144.0,-18257.0,509.0,Mar 2024,2024,202403,False,False,18766.0
1242,ZOMATO,-2144.0,1740.0,359.0,-45.0,Mar 2020,2020,202003,False,False,-404.0
1243,ZOMATO,-1018.0,-5245.0,6402.0,139.0,Mar 2021,2021,202103,False,False,-6263.0
1244,ZOMATO,-693.0,-7971.0,8750.0,86.0,Mar 2022,2022,202203,False,False,-8664.0
1245,ZOMATO,-844.0,797.0,-127.0,-174.0,Mar 2023,2023,202303,False,False,-47.0
1246,ZOMATO,646.0,-348.0,-207.0,91.0,Mar 2024,2024,202403,False,False,298.0
1247,ZYDUSLIFE,603.0,-682.0,286.0,207.0,Mar 2013,2013,201303,False,False,-79.0
1248,ZYDUSLIFE,903.0,-438.0,-529.0,-64.0,Mar 2014,2014,201403,False,False,465.0
1249,ZYDUSLIFE,994.0,-465.0,-351.0,178.0,Mar 2015,2015,201503,False,False,529.0
1250,ZYDUSLIFE,1894.0,-860.0,-935.0,99.0,Mar 2016,2016,201603,False,False,1034.0
1251,ZYDUSLIFE,1312.0,-2872.0,2316.0,756.0,Mar 2017,2017,201703,False,False,-1560.0
1252,ZYDUSLIFE,919.0,-974.0,52.0,-3.0,Mar 2018,2018,201803,False,False,-55.0
1253,ZYDUSLIFE,1282.0,-3977.0,1885.0,-811.0,Mar 2019,2019,201903,False,False,-2695.0
1254,ZYDUSLIFE,2932.0,-1004.0,-1528.0,399.0,Mar 2020,2020,202003,False,False,1928.0
1255,ZYDUSLIFE,3294.0,-837.0,-2548.0,-90.0,Mar 2021,2021,202103,False,False,2457.0
1256,ZYDUSLIFE,2104.0,-1018.0,-868.0,219.0,Mar 2022,2022,202203,False,False,1086.0
1257,ZYDUSLIFE,2689.0,1542.0,-4400.0,-170.0,Mar 2023,2023,202303,False,False,4231.0
1258,ZYDUSLIFE,3228.0,-1492.0,-1810.0,-75.0,Mar 2024,2024,202403,False,False,1736.0
